Booking End,Booking Start,Day Of Week,Duration (hours),Room Name,user
8/11/2015 11:30,8/11/2015 10:00,Sunday,1:30,JS2-02,lCDSsgvE
8/11/2015 12:00,8/11/2015 10:00,Sunday,2:00,JS3-09,b5CUb6gJ
8/11/2015 12:00,8/11/2015 10:00,Sunday,2:00,JS4-02,38hO/Wcy
8/11/2015 12:00,8/11/2015 10:00,Sunday,2:00,JS4-03C,nPHWZiGS
8/11/2015 12:00,8/11/2015 10:00,Sunday,2:00,JS4-08,g+tc2NPD
8/11/2015 12:00,8/11/2015 10:00,Sunday,2:00,JS5-03A,vl06WO4G
8/11/2015 11:00,8/11/2015 10:00,Sunday,1:00,JS5-03B,8p1VsUkh
8/11/2015 11:30,8/11/2015 10:00,Sunday,1:30,JS5-06,8wJQLBxB
8/11/2015 12:00,8/11/2015 10:00,Sunday,2:00,JS6-07,0tizT8Dh
8/11/2015 12:00,8/11/2015 10:00,Sunday,2:00,JS6-09,QX8+l77y
8/11/2015 12:00,8/11/2015 10:00,Sunday,2:00,JS6-12B,4WIVFWDa
8/11/2015 12:00,8/11/2015 10:00,Sunday,2:00,JS6-12D,bxUcm+/s
8/11/2015 12:30,8/11/2015 10:30,Sunday,2:00,JS4-03B,cjxP2afa
8/11/2015 12:30,8/11/2015 10:30,Sunday,2:00,JS4-07,DRZy61UZ
8/11/2015 12:30,8/11/2015 10:30,Sunday,2:00,JS5-07,fU4XLq9j
8/11/2015 12:30,8/11/2015 10:30,Sunday,2:00,JS6-12E,fOkDGI4+
8/11/2015 12:30,8/11/2015 10:30,Sunday,2:00,JS6-12F,WkjkjJgb
8/11/2015 13:00,8/11/2015 11:00,Sunday,2:00,JS3-08,c3dQS1VO
8/11/2015 13:00,8/11/2015 11:00,Sunday,2:00,JS5-03B,Q9Qf8ryf
8/11/2015 13:00,8/11/2015 11:00,Sunday,2:00,JS5-08,pukq39Sc
8/11/2015 13:00,8/11/2015 11:00,Sunday,2:00,JS6-02,tEdSpT/4
8/11/2015 13:00,8/11/2015 11:00,Sunday,2:00,JS6-04A,kk6ivoGo
8/11/2015 13:00,8/11/2015 11:00,Sunday,2:00,JS6-04B,MP9jxoES
8/11/2015 12:00,8/11/2015 11:00,Sunday,1:00,JS6-10,5odTtKbo
8/11/2015 13:00,8/11/2015 11:00,Sunday,2:00,JS6-11,ZVdusCZT
8/11/2015 13:00,8/11/2015 11:00,Sunday,2:00,JS6-12A,Dp/jNyY/
8/11/2015 13:30,8/11/2015 11:30,Sunday,2:00,JS2-02,bm2OHDkv
8/11/2015 13:30,8/11/2015 11:30,Sunday,2:00,JS5-06,xokv2Lb9
8/11/2015 13:00,8/11/2015 12:00,Sunday,1:00,JS3-09,DYbWc5TM
8/11/2015 14:00,8/11/2015 12:00,Sunday,2:00,JS4-02,xpfPuUFA
8/11/2015 14:00,8/11/2015 12:00,Sunday,2:00,JS4-03C,5oUTCOB4
8/11/2015 14:00,8/11/2015 12:00,Sunday,2:00,JS4-08,EEbYl2zK
8/11/2015 13:00,8/11/2015 12:00,Sunday,1:00,JS5-03A,hbPtke9Q
8/11/2015 14:00,8/11/2015 12:00,Sunday,2:00,JS6-03,sBGcsuTM
8/11/2015 14:00,8/11/2015 12:00,Sunday,2:00,JS6-07,XbIW4h80
8/11/2015 14:00,8/11/2015 12:00,Sunday,2:00,JS6-09,0oS7eJF/
8/11/2015 13:00,8/11/2015 12:00,Sunday,1:00,JS6-10,AR1PW7UZ
8/11/2015 14:00,8/11/2015 12:00,Sunday,2:00,JS6-12B,qiSbhqoc
8/11/2015 14:30,8/11/2015 12:30,Sunday,2:00,JS4-03B,HdEl6jkR
8/11/2015 14:30,8/11/2015 12:30,Sunday,2:00,JS5-07,IoLD9caA
8/11/2015 14:30,8/11/2015 12:30,Sunday,2:00,JS6-12D,lPv+ytJg
8/11/2015 15:00,8/11/2015 13:00,Sunday,2:00,JS3-08,zfQdh0fe
8/11/2015 15:00,8/11/2015 13:00,Sunday,2:00,JS3-09,dnngnEc3
8/11/2015 15:00,8/11/2015 13:00,Sunday,2:00,JS4-07,Cl1wEH92
8/11/2015 15:00,8/11/2015 13:00,Sunday,2:00,JS5-03A,zhOAcoyp
8/11/2015 15:00,8/11/2015 13:00,Sunday,2:00,JS5-03B,O6ipTX4X
8/11/2015 15:00,8/11/2015 13:00,Sunday,2:00,JS5-08,HzbBwUOp
8/11/2015 15:00,8/11/2015 13:00,Sunday,2:00,JS6-02,gOtk1MAO
8/11/2015 15:00,8/11/2015 13:00,Sunday,2:00,JS6-10,rqELosfz
8/11/2015 15:00,8/11/2015 13:00,Sunday,2:00,JS6-11,bXMBkluB
8/11/2015 15:00,8/11/2015 13:00,Sunday,2:00,JS6-12A,nsCZR0gl
8/11/2015 15:00,8/11/2015 13:00,Sunday,2:00,JS6-12E,TU6NV5jI
8/11/2015 15:00,8/11/2015 13:00,Sunday,2:00,JS6-12F,EhM+r2nr
8/11/2015 15:30,8/11/2015 13:30,Sunday,2:00,JS5-06,U+QBHoxe
8/11/2015 15:30,8/11/2015 13:30,Sunday,2:00,JS6-04A,iW34Zcnj
8/11/2015 15:30,8/11/2015 13:30,Sunday,2:00,JS6-04B,zBwVFFTW
8/11/2015 16:00,8/11/2015 14:00,Sunday,2:00,JS2-02,mjRaROIi
8/11/2015 16:00,8/11/2015 14:00,Sunday,2:00,JS4-02,4MX1SFqe
8/11/2015 16:00,8/11/2015 14:00,Sunday,2:00,JS4-03C,daUMTFnp
8/11/2015 16:00,8/11/2015 14:00,Sunday,2:00,JS6-03,OsZFcTrM
8/11/2015 16:00,8/11/2015 14:00,Sunday,2:00,JS6-07,rAHU9NzR
8/11/2015 16:00,8/11/2015 14:00,Sunday,2:00,JS6-09,UcFyoHVu
8/11/2015 16:00,8/11/2015 14:00,Sunday,2:00,JS6-12B,xLQ2I4sB
8/11/2015 15:00,8/11/2015 14:30,Sunday,0:30,JS4-03B,c8Z61bU+
8/11/2015 16:30,8/11/2015 14:30,Sunday,2:00,JS4-08,loi/2Ppe
8/11/2015 16:30,8/11/2015 14:30,Sunday,2:00,JS6-12D,ZN3eW471
8/11/2015 17:00,8/11/2015 15:00,Sunday,2:00,JS3-08,8D48AIMR
8/11/2015 17:00,8/11/2015 15:00,Sunday,2:00,JS3-09,ppspecRc
8/11/2015 17:00,8/11/2015 15:00,Sunday,2:00,JS4-03B,pkiesSuz
8/11/2015 17:00,8/11/2015 15:00,Sunday,2:00,JS4-07,00GUG9Hz
8/11/2015 17:00,8/11/2015 15:00,Sunday,2:00,JS5-03A,Lh2GKbrD
8/11/2015 17:00,8/11/2015 15:00,Sunday,2:00,JS5-03B,OHdU6nko
8/11/2015 17:00,8/11/2015 15:00,Sunday,2:00,JS5-07,qOt14NBH
8/11/2015 17:00,8/11/2015 15:00,Sunday,2:00,JS5-08,0ZnueF/F
8/11/2015 17:00,8/11/2015 15:00,Sunday,2:00,JS6-02,UjsBQ3lp
8/11/2015 17:00,8/11/2015 15:00,Sunday,2:00,JS6-10,aBHwtv8T
8/11/2015 17:00,8/11/2015 15:00,Sunday,2:00,JS6-11,rcDdcn35
8/11/2015 17:00,8/11/2015 15:00,Sunday,2:00,JS6-12A,7Cbvt9WD
8/11/2015 17:00,8/11/2015 15:00,Sunday,2:00,JS6-12F,rc5pMcDo
8/11/2015 17:30,8/11/2015 15:30,Sunday,2:00,JS5-06,y2snNb3+
8/11/2015 17:30,8/11/2015 15:30,Sunday,2:00,JS6-04A,XKpAZH09
8/11/2015 17:30,8/11/2015 15:30,Sunday,2:00,JS6-04B,dySERaDc
8/11/2015 17:30,8/11/2015 15:30,Sunday,2:00,JS6-12E,YljB22a8
8/11/2015 18:00,8/11/2015 16:00,Sunday,2:00,JS2-02,0CJeRSF8
8/11/2015 18:00,8/11/2015 16:00,Sunday,2:00,JS4-02,28Cx5SQQ
8/11/2015 18:00,8/11/2015 16:00,Sunday,2:00,JS4-03C,/zcvtpPr
8/11/2015 18:00,8/11/2015 16:00,Sunday,2:00,JS6-07,ncbF7+/N
8/11/2015 18:00,8/11/2015 16:00,Sunday,2:00,JS6-09,ktIcuwP3
8/11/2015 18:00,8/11/2015 16:00,Sunday,2:00,JS6-12B,pyy7IswT
8/11/2015 18:00,8/11/2015 16:30,Sunday,1:30,JS4-08,RAwpBars
8/11/2015 18:00,8/11/2015 16:30,Sunday,1:30,JS6-12D,bUpwA2Cy
8/11/2015 18:00,8/11/2015 17:00,Sunday,1:00,JS3-08,vPmbDkPe
8/11/2015 18:00,8/11/2015 17:00,Sunday,1:00,JS3-09,9K57Wtuo
8/11/2015 18:00,8/11/2015 17:00,Sunday,1:00,JS5-08,OYl+Hysh
8/11/2015 18:00,8/11/2015 17:00,Sunday,1:00,JS6-10,Xf8RgEAE
8/11/2015 18:00,8/11/2015 17:00,Sunday,1:00,JS6-11,orUVjRj3
8/11/2015 18:00,8/11/2015 17:00,Sunday,1:00,JS6-12F,0tJgv21R
9/11/2015 10:00,9/11/2015 8:30,Monday,1:30,JS2-02,YL8ZtjqO
9/11/2015 10:30,9/11/2015 8:30,Monday,2:00,JS3-09,+8PI9imD
9/11/2015 10:30,9/11/2015 8:30,Monday,2:00,JS4-08,GUg1yDLt
9/11/2015 10:30,9/11/2015 8:30,Monday,2:00,JS5-07,BCiI1HL0
9/11/2015 11:00,9/11/2015 9:00,Monday,2:00,JS4-02,ic/eeLs+
9/11/2015 11:00,9/11/2015 9:00,Monday,2:00,JS5-03B,kTZURBIm
9/11/2015 11:00,9/11/2015 9:00,Monday,2:00,JS5-06,aWHcIUJB
9/11/2015 11:00,9/11/2015 9:00,Monday,2:00,JS6-02,vPAdGugO
9/11/2015 10:00,9/11/2015 9:00,Monday,1:00,JS6-03,2w4hxEtA
9/11/2015 11:00,9/11/2015 9:00,Monday,2:00,JS6-10,uUNU1pPX
9/11/2015 11:00,9/11/2015 9:00,Monday,2:00,JS6-12A,5kQeUiiN
9/11/2015 11:00,9/11/2015 9:00,Monday,2:00,JS6-12D,MjIDNEMd
9/11/2015 11:30,9/11/2015 9:30,Monday,2:00,JS6-07,4WIVFWDa
9/11/2015 12:00,9/11/2015 10:00,Monday,2:00,JS2-02,qfuq2dn9
9/11/2015 12:00,9/11/2015 10:00,Monday,2:00,JS4-03C,Cl1wEH92
9/11/2015 12:00,9/11/2015 10:00,Monday,2:00,JS5-03A,Lh2GKbrD
9/11/2015 12:00,9/11/2015 10:00,Monday,2:00,JS5-08,IoLD9caA
9/11/2015 12:00,9/11/2015 10:00,Monday,2:00,JS6-03,Vk1fB7BF
9/11/2015 11:30,9/11/2015 10:00,Monday,1:30,JS6-09,Wa8IaegH
9/11/2015 12:00,9/11/2015 10:00,Monday,2:00,JS6-12F,RhFYUA5L
9/11/2015 12:30,9/11/2015 10:30,Monday,2:00,JS3-08,cjxP2afa
9/11/2015 12:00,9/11/2015 10:30,Monday,1:30,JS6-04A,30rBegwU
9/11/2015 11:00,9/11/2015 10:30,Monday,0:30,JS6-12B,+LTsZxET
9/11/2015 13:00,9/11/2015 11:00,Monday,2:00,JS4-02,kU7wWXh9
9/11/2015 13:00,9/11/2015 11:00,Monday,2:00,JS4-03B,38hO/Wcy
9/11/2015 13:00,9/11/2015 11:00,Monday,2:00,JS4-07,ewCTlaXE
9/11/2015 13:00,9/11/2015 11:00,Monday,2:00,JS4-08,V61c1iIe
9/11/2015 13:00,9/11/2015 11:00,Monday,2:00,JS5-03B,IDoCd28r
9/11/2015 13:00,9/11/2015 11:00,Monday,2:00,JS5-07,MsLdSIGr
9/11/2015 13:00,9/11/2015 11:00,Monday,2:00,JS6-02,UjsBQ3lp
9/11/2015 13:00,9/11/2015 11:00,Monday,2:00,JS6-10,EFchOEas
9/11/2015 13:00,9/11/2015 11:00,Monday,2:00,JS6-11,ZVdusCZT
9/11/2015 13:00,9/11/2015 11:00,Monday,2:00,JS6-12A,Z9hkjxLV
9/11/2015 13:00,9/11/2015 11:00,Monday,2:00,JS6-12B,+p7dhY8P
9/11/2015 13:00,9/11/2015 11:00,Monday,2:00,JS6-12D,ZJjCUjax
9/11/2015 12:30,9/11/2015 11:00,Monday,1:30,JS6-12E,vPmbDkPe
9/11/2015 13:30,9/11/2015 11:30,Monday,2:00,JS5-06,xokv2Lb9
9/11/2015 13:00,9/11/2015 11:30,Monday,1:30,JS6-04B,TeK8R1xb
9/11/2015 13:30,9/11/2015 11:30,Monday,2:00,JS6-09,/Ce+niVq
9/11/2015 13:00,9/11/2015 12:00,Monday,1:00,JS2-02,wdAVf03h
9/11/2015 13:00,9/11/2015 12:00,Monday,1:00,JS3-09,o4nvI9J1
9/11/2015 14:00,9/11/2015 12:00,Monday,2:00,JS4-03C,ppspecRc
9/11/2015 14:00,9/11/2015 12:00,Monday,2:00,JS5-03A,zhOAcoyp
9/11/2015 14:00,9/11/2015 12:00,Monday,2:00,JS5-08,WthWh0lR
9/11/2015 13:00,9/11/2015 12:00,Monday,1:00,JS6-03,sBGcsuTM
9/11/2015 14:00,9/11/2015 12:00,Monday,2:00,JS6-04A,MP9jxoES
9/11/2015 14:00,9/11/2015 12:00,Monday,2:00,JS6-12F,oEKzES24
9/11/2015 13:00,9/11/2015 12:30,Monday,0:30,JS3-08,c8Z61bU+
9/11/2015 14:00,9/11/2015 12:30,Monday,1:30,JS6-07,Gb02Afxt
9/11/2015 14:30,9/11/2015 12:30,Monday,2:00,JS6-12E,zfQdh0fe
9/11/2015 15:00,9/11/2015 13:00,Monday,2:00,JS2-02,qOt14NBH
9/11/2015 15:00,9/11/2015 13:00,Monday,2:00,JS3-08,orUVjRj3
9/11/2015 15:00,9/11/2015 13:00,Monday,2:00,JS3-09,/9EAAOW0
9/11/2015 15:00,9/11/2015 13:00,Monday,2:00,JS4-02,xpfPuUFA
9/11/2015 15:00,9/11/2015 13:00,Monday,2:00,JS4-03B,0tFIt0hY
9/11/2015 15:00,9/11/2015 13:00,Monday,2:00,JS4-07,kcn3N0gk
9/11/2015 15:00,9/11/2015 13:00,Monday,2:00,JS4-08,VzfafRhB
9/11/2015 15:00,9/11/2015 13:00,Monday,2:00,JS5-07,aBHwtv8T
9/11/2015 15:00,9/11/2015 13:00,Monday,2:00,JS6-02,+I4d34XR
9/11/2015 15:00,9/11/2015 13:00,Monday,2:00,JS6-03,9l++TYVR
9/11/2015 15:00,9/11/2015 13:00,Monday,2:00,JS6-04B,rAHU9NzR
9/11/2015 15:00,9/11/2015 13:00,Monday,2:00,JS6-10,JW8brhrQ
9/11/2015 15:00,9/11/2015 13:00,Monday,2:00,JS6-11,Sa1tG3xP
9/11/2015 14:00,9/11/2015 13:00,Monday,1:00,JS6-12A,v3HHJpuH
9/11/2015 15:00,9/11/2015 13:00,Monday,2:00,JS6-12B,+kP2lcRY
9/11/2015 15:00,9/11/2015 13:00,Monday,2:00,JS6-12D,ndh6AZvy
9/11/2015 15:30,9/11/2015 13:30,Monday,2:00,JS5-03B,y2snNb3+
9/11/2015 15:30,9/11/2015 13:30,Monday,2:00,JS5-06,mbOpGRrN
9/11/2015 15:00,9/11/2015 13:30,Monday,1:30,JS6-09,iW34Zcnj
9/11/2015 16:00,9/11/2015 14:00,Monday,2:00,JS4-03C,L3uybtC0
9/11/2015 15:00,9/11/2015 14:00,Monday,1:00,JS5-03A,EW7HYrZS
9/11/2015 15:00,9/11/2015 14:00,Monday,1:00,JS5-08,KPjZhGnM
9/11/2015 16:00,9/11/2015 14:00,Monday,2:00,JS6-04A,BuOoHJjG
9/11/2015 16:00,9/11/2015 14:00,Monday,2:00,JS6-07,PpQ//4jw
9/11/2015 16:00,9/11/2015 14:00,Monday,2:00,JS6-12A,Rpt2Ey8U
9/11/2015 16:30,9/11/2015 14:30,Monday,2:00,JS6-12E,M6I465N8
9/11/2015 16:30,9/11/2015 14:30,Monday,2:00,JS6-12F,Kwnlwehy
9/11/2015 17:00,9/11/2015 15:00,Monday,2:00,JS2-02,HzbBwUOp
9/11/2015 16:00,9/11/2015 15:00,Monday,1:00,JS3-08,+qtjaUNo
9/11/2015 17:00,9/11/2015 15:00,Monday,2:00,JS3-09,S1ynKknK
9/11/2015 17:00,9/11/2015 15:00,Monday,2:00,JS4-02,4MX1SFqe
9/11/2015 16:30,9/11/2015 15:00,Monday,1:30,JS4-03B,SpKxbRd2
9/11/2015 17:00,9/11/2015 15:00,Monday,2:00,JS4-07,HdEl6jkR
9/11/2015 17:00,9/11/2015 15:00,Monday,2:00,JS4-08,AR1PW7UZ
9/11/2015 17:00,9/11/2015 15:00,Monday,2:00,JS5-03A,oNuSNxke
9/11/2015 16:00,9/11/2015 15:00,Monday,1:00,JS5-07,wYO696Nm
9/11/2015 17:00,9/11/2015 15:00,Monday,2:00,JS5-08,V3P6iK+N
9/11/2015 17:00,9/11/2015 15:00,Monday,2:00,JS6-02,gOtk1MAO
9/11/2015 16:00,9/11/2015 15:00,Monday,1:00,JS6-03,vWQhJGWn
9/11/2015 17:00,9/11/2015 15:00,Monday,2:00,JS6-09,bXMBkluB
9/11/2015 17:00,9/11/2015 15:00,Monday,2:00,JS6-10,nfM53Zqi
9/11/2015 17:00,9/11/2015 15:00,Monday,2:00,JS6-11,2fvjdWtP
9/11/2015 17:00,9/11/2015 15:00,Monday,2:00,JS6-12D,tYBYIDu2
9/11/2015 17:30,9/11/2015 15:30,Monday,2:00,JS5-03B,U+QBHoxe
9/11/2015 17:30,9/11/2015 15:30,Monday,2:00,JS5-06,qLDUDAeu
9/11/2015 17:30,9/11/2015 15:30,Monday,2:00,JS6-04B,ncbF7+/N
9/11/2015 17:30,9/11/2015 15:30,Monday,2:00,JS6-12B,InVOsJhG
9/11/2015 18:00,9/11/2015 16:00,Monday,2:00,JS3-08,dnngnEc3
9/11/2015 18:00,9/11/2015 16:00,Monday,2:00,JS4-03C,gterrus/
9/11/2015 18:00,9/11/2015 16:00,Monday,2:00,JS5-07,pkiesSuz
9/11/2015 18:00,9/11/2015 16:00,Monday,2:00,JS6-03,g2OXRI0n
9/11/2015 18:00,9/11/2015 16:00,Monday,2:00,JS6-04A,daUMTFnp
9/11/2015 17:00,9/11/2015 16:00,Monday,1:00,JS6-07,f40ZWLaE
9/11/2015 18:00,9/11/2015 16:00,Monday,2:00,JS6-12A,IKa12goP
9/11/2015 18:30,9/11/2015 16:30,Monday,2:00,JS4-03B,L/FEzMGY
9/11/2015 18:30,9/11/2015 16:30,Monday,2:00,JS6-12E,c3dQS1VO
9/11/2015 18:30,9/11/2015 16:30,Monday,2:00,JS6-12F,TU6NV5jI
9/11/2015 19:00,9/11/2015 17:00,Monday,2:00,JS2-02,Hju0sJ8/
9/11/2015 19:00,9/11/2015 17:00,Monday,2:00,JS3-07,3JdrD5fH
9/11/2015 19:00,9/11/2015 17:00,Monday,2:00,JS3-09,28Cx5SQQ
9/11/2015 18:00,9/11/2015 17:00,Monday,1:00,JS4-02,nLoKxeF5
9/11/2015 19:00,9/11/2015 17:00,Monday,2:00,JS4-07,f/D0U61e
9/11/2015 19:00,9/11/2015 17:00,Monday,2:00,JS4-08,Xf8RgEAE
9/11/2015 19:00,9/11/2015 17:00,Monday,2:00,JS5-03A,t6/mu3oB
9/11/2015 18:00,9/11/2015 17:00,Monday,1:00,JS5-08,aflzs3Mf
9/11/2015 19:00,9/11/2015 17:00,Monday,2:00,JS6-02,tEdSpT/4
9/11/2015 19:00,9/11/2015 17:00,Monday,2:00,JS6-07,lWMMlot9
9/11/2015 19:00,9/11/2015 17:00,Monday,2:00,JS6-09,OHdU6nko
9/11/2015 18:00,9/11/2015 17:00,Monday,1:00,JS6-10,zHbr0Qbs
9/11/2015 19:00,9/11/2015 17:00,Monday,2:00,JS6-11,fGEXV30i
9/11/2015 19:00,9/11/2015 17:00,Monday,2:00,JS6-12D,Ku6xkryy
9/11/2015 19:30,9/11/2015 17:30,Monday,2:00,JS5-03B,8XNrePZs
9/11/2015 19:30,9/11/2015 17:30,Monday,2:00,JS5-06,ZjazTqOv
9/11/2015 20:00,9/11/2015 18:00,Monday,2:00,JS3-08,58JrpcU9
9/11/2015 19:00,9/11/2015 18:00,Monday,1:00,JS4-02,mjRaROIi
9/11/2015 20:00,9/11/2015 18:00,Monday,2:00,JS4-03C,0CJeRSF8
9/11/2015 20:00,9/11/2015 18:00,Monday,2:00,JS5-07,WYKwhMGR
9/11/2015 20:00,9/11/2015 18:00,Monday,2:00,JS5-08,hpP5alQQ
9/11/2015 18:30,9/11/2015 18:00,Monday,0:30,JS6-04A,AaVnTMB6
9/11/2015 20:00,9/11/2015 18:00,Monday,2:00,JS6-04B,XbIW4h80
9/11/2015 20:00,9/11/2015 18:00,Monday,2:00,JS6-10,kk6ivoGo
9/11/2015 20:00,9/11/2015 18:00,Monday,2:00,JS6-12A,qCQmYCN6
9/11/2015 20:00,9/11/2015 18:00,Monday,2:00,JS6-12B,ma3svMKg
9/11/2015 20:30,9/11/2015 18:30,Monday,2:00,JS4-03B,hslktRdi
9/11/2015 20:30,9/11/2015 18:30,Monday,2:00,JS6-04A,/zcvtpPr
9/11/2015 20:30,9/11/2015 18:30,Monday,2:00,JS6-12E,iOQHNg/e
9/11/2015 20:30,9/11/2015 18:30,Monday,2:00,JS6-12F,8oYPTuZS
9/11/2015 21:00,9/11/2015 19:00,Monday,2:00,JS2-02,qkHWzG6K
9/11/2015 21:00,9/11/2015 19:00,Monday,2:00,JS3-09,9K57Wtuo
9/11/2015 21:00,9/11/2015 19:00,Monday,2:00,JS4-02,bm2OHDkv
9/11/2015 21:00,9/11/2015 19:00,Monday,2:00,JS4-07,LUPV9Ywl
9/11/2015 21:00,9/11/2015 19:00,Monday,2:00,JS4-08,rqELosfz
9/11/2015 21:00,9/11/2015 19:00,Monday,2:00,JS5-03A,5uaFwaK+
9/11/2015 21:00,9/11/2015 19:00,Monday,2:00,JS6-02,rZo+puRw
9/11/2015 21:00,9/11/2015 19:00,Monday,2:00,JS6-03,TaCAHicg
9/11/2015 21:00,9/11/2015 19:00,Monday,2:00,JS6-09,ARu093s+
9/11/2015 21:30,9/11/2015 19:30,Monday,2:00,JS5-03B,SsH4G0Qa
9/11/2015 21:30,9/11/2015 19:30,Monday,2:00,JS5-06,NDZfRYFc
9/11/2015 21:30,9/11/2015 19:30,Monday,2:00,JS6-07,2EqGk+Pt
9/11/2015 21:00,9/11/2015 19:30,Monday,1:30,JS6-12D,WYkwfMgR
9/11/2015 22:00,9/11/2015 20:00,Monday,2:00,JS3-07,3JdrD5fH
9/11/2015 22:00,9/11/2015 20:00,Monday,2:00,JS3-08,8fnKfYdc
9/11/2015 22:00,9/11/2015 20:00,Monday,2:00,JS4-03C,oYd5IxPY
9/11/2015 22:00,9/11/2015 20:00,Monday,2:00,JS5-07,0GxepZ3L
9/11/2015 22:00,9/11/2015 20:00,Monday,2:00,JS5-08,tMXy+VEC
9/11/2015 22:00,9/11/2015 20:00,Monday,2:00,JS6-04B,mxObe4nw
9/11/2015 22:00,9/11/2015 20:00,Monday,2:00,JS6-10,q4LcHZ7+
9/11/2015 22:00,9/11/2015 20:00,Monday,2:00,JS6-12A,/IEoK29s
9/11/2015 22:00,9/11/2015 20:00,Monday,2:00,JS6-12B,inz1AtvW
9/11/2015 21:30,9/11/2015 20:30,Monday,1:00,JS4-03B,dBruFqEt
9/11/2015 22:30,9/11/2015 20:30,Monday,2:00,JS6-12E,pKy8P9O+
9/11/2015 22:30,9/11/2015 20:30,Monday,2:00,JS6-12F,7gakwZOf
9/11/2015 21:30,9/11/2015 21:00,Monday,0:30,JS2-02,xGhjLm12
9/11/2015 23:00,9/11/2015 21:00,Monday,2:00,JS3-09,1YJEUlAj
9/11/2015 23:00,9/11/2015 21:00,Monday,2:00,JS4-07,HJzspCB/
9/11/2015 23:00,9/11/2015 21:00,Monday,2:00,JS4-08,5odTtKbo
9/11/2015 23:00,9/11/2015 21:00,Monday,2:00,JS5-03A,gdBLzV0S
9/11/2015 23:00,9/11/2015 21:00,Monday,2:00,JS6-02,N0vWMRmz
9/11/2015 23:00,9/11/2015 21:00,Monday,2:00,JS6-04A,HK31kqA8
9/11/2015 23:00,9/11/2015 21:00,Monday,2:00,JS6-09,BDXyj2sT
9/11/2015 23:00,9/11/2015 21:00,Monday,2:00,JS6-11,0tJgv21R
9/11/2015 23:00,9/11/2015 21:00,Monday,2:00,JS6-12D,E7Y6hRZj
9/11/2015 23:30,9/11/2015 21:30,Monday,2:00,JS2-02,0tizT8Dh
9/11/2015 23:30,9/11/2015 21:30,Monday,2:00,JS4-02,QJPjqpSz
9/11/2015 23:30,9/11/2015 21:30,Monday,2:00,JS4-03B,rtGeHo3I
9/11/2015 23:30,9/11/2015 21:30,Monday,2:00,JS5-03B,+tM0Xrvb
9/11/2015 23:30,9/11/2015 21:30,Monday,2:00,JS6-07,+nN8yEJD
9/11/2015 23:00,9/11/2015 22:00,Monday,1:00,JS3-08,3MMbOfNR
9/11/2015 23:30,9/11/2015 22:00,Monday,1:30,JS5-07,X4K4FfJe
9/11/2015 23:30,9/11/2015 22:00,Monday,1:30,JS6-10,Y1BnLIvj
9/11/2015 23:30,9/11/2015 22:00,Monday,1:30,JS6-12B,cRBI/oq1
9/11/2015 23:30,9/11/2015 23:00,Monday,0:30,JS3-08,ev4pXMTl
9/11/2015 23:30,9/11/2015 23:00,Monday,0:30,JS3-09,pP/ITK4b
10/11/2015 9:30,10/11/2015 8:30,Tuesday,1:00,JS2-02,VuKSf9t8
10/11/2015 10:30,10/11/2015 8:30,Tuesday,2:00,JS4-07,WlfhfI8Z
10/11/2015 10:00,10/11/2015 8:30,Tuesday,1:30,JS5-08,BCiI1HL0
10/11/2015 11:00,10/11/2015 9:00,Tuesday,2:00,JS4-03B,ic/eeLs+
10/11/2015 11:00,10/11/2015 9:00,Tuesday,2:00,JS6-03,Vk1fB7BF
10/11/2015 11:00,10/11/2015 9:00,Tuesday,2:00,JS6-09,hcVI4e+c
10/11/2015 11:00,10/11/2015 9:00,Tuesday,2:00,JS6-12F,HaQHwpjt
10/11/2015 11:00,10/11/2015 9:30,Tuesday,1:30,JS4-02,jqxJovSO
10/11/2015 11:30,10/11/2015 9:30,Tuesday,2:00,JS5-03A,sOwAgGOm
10/11/2015 11:30,10/11/2015 9:30,Tuesday,2:00,JS6-02,MXcRAYlw
10/11/2015 12:00,10/11/2015 10:00,Tuesday,2:00,JS2-02,cjxP2afa
10/11/2015 12:00,10/11/2015 10:00,Tuesday,2:00,JS3-08,q81izHYy
10/11/2015 12:00,10/11/2015 10:00,Tuesday,2:00,JS3-09,o4nvI9J1
10/11/2015 12:00,10/11/2015 10:00,Tuesday,2:00,JS4-03C,h38aBel+
10/11/2015 12:00,10/11/2015 10:00,Tuesday,2:00,JS4-08,Cl1wEH92
10/11/2015 12:00,10/11/2015 10:00,Tuesday,2:00,JS5-06,gxgGZ8eF
10/11/2015 12:00,10/11/2015 10:00,Tuesday,2:00,JS5-07,V3P6iK+N
10/11/2015 12:00,10/11/2015 10:00,Tuesday,2:00,JS5-08,reeuyfY8
10/11/2015 12:00,10/11/2015 10:00,Tuesday,2:00,JS6-12A,c3dQS1VO
10/11/2015 12:00,10/11/2015 10:00,Tuesday,2:00,JS6-12D,bxUcm+/s
10/11/2015 12:30,10/11/2015 10:30,Tuesday,2:00,JS5-03B,VC6UHsCF
10/11/2015 11:00,10/11/2015 10:30,Tuesday,0:30,JS6-04A,6SxI7MSp
10/11/2015 12:30,10/11/2015 10:30,Tuesday,2:00,JS6-10,IoLD9caA
10/11/2015 12:30,10/11/2015 10:30,Tuesday,2:00,JS6-12B,Z9hkjxLV
10/11/2015 13:00,10/11/2015 11:00,Tuesday,2:00,JS4-02,28Cx5SQQ
10/11/2015 13:00,10/11/2015 11:00,Tuesday,2:00,JS4-03B,ewCTlaXE
10/11/2015 13:00,10/11/2015 11:00,Tuesday,2:00,JS4-07,Xmr8aCK+
10/11/2015 13:00,10/11/2015 11:00,Tuesday,2:00,JS6-03,zFwbub65
10/11/2015 13:00,10/11/2015 11:00,Tuesday,2:00,JS6-04A,qL47cHia
10/11/2015 13:00,10/11/2015 11:00,Tuesday,2:00,JS6-04B,zBwVFFTW
10/11/2015 13:00,10/11/2015 11:00,Tuesday,2:00,JS6-09,EFchOEas
10/11/2015 13:00,10/11/2015 11:00,Tuesday,2:00,JS6-11,orUVjRj3
10/11/2015 13:00,10/11/2015 11:00,Tuesday,2:00,JS6-12E,Z7kAupuk
10/11/2015 13:00,10/11/2015 11:00,Tuesday,2:00,JS6-12F,xokv2Lb9
10/11/2015 13:30,10/11/2015 11:30,Tuesday,2:00,JS5-03A,nTulTHlO
10/11/2015 13:30,10/11/2015 11:30,Tuesday,2:00,JS6-02,EiWEVqJR
10/11/2015 14:00,10/11/2015 12:00,Tuesday,2:00,JS2-02,c8Z61bU+
10/11/2015 14:00,10/11/2015 12:00,Tuesday,2:00,JS3-08,Kwnlwehy
10/11/2015 14:00,10/11/2015 12:00,Tuesday,2:00,JS3-09,ahtcZgj0
10/11/2015 12:30,10/11/2015 12:00,Tuesday,0:30,JS4-03C,Ld2NYx4t
10/11/2015 14:00,10/11/2015 12:00,Tuesday,2:00,JS4-08,0CJeRSF8
10/11/2015 13:30,10/11/2015 12:00,Tuesday,1:30,JS5-06,TeK8R1xb
10/11/2015 14:00,10/11/2015 12:00,Tuesday,2:00,JS5-07,aflzs3Mf
10/11/2015 14:00,10/11/2015 12:00,Tuesday,2:00,JS5-08,oaHzJJQN
10/11/2015 13:30,10/11/2015 12:00,Tuesday,1:30,JS6-07,Gb02Afxt
10/11/2015 14:00,10/11/2015 12:00,Tuesday,2:00,JS6-12A,iOQHNg/e
10/11/2015 14:00,10/11/2015 12:00,Tuesday,2:00,JS6-12D,ZVdusCZT
10/11/2015 14:00,10/11/2015 12:30,Tuesday,1:30,JS4-03C,5oUTCOB4
10/11/2015 14:30,10/11/2015 12:30,Tuesday,2:00,JS5-03B,n2ake36C
10/11/2015 14:30,10/11/2015 12:30,Tuesday,2:00,JS6-10,WthWh0lR
10/11/2015 14:30,10/11/2015 12:30,Tuesday,2:00,JS6-12B,+kP2lcRY
10/11/2015 15:00,10/11/2015 13:00,Tuesday,2:00,JS4-02,xpfPuUFA
10/11/2015 13:30,10/11/2015 13:00,Tuesday,0:30,JS4-03B,HpwCtfjN
10/11/2015 15:00,10/11/2015 13:00,Tuesday,2:00,JS4-07,5wNoPhz6
10/11/2015 14:30,10/11/2015 13:00,Tuesday,1:30,JS6-03,8s92LBsr
10/11/2015 15:00,10/11/2015 13:00,Tuesday,2:00,JS6-04A,0tizT8Dh
10/11/2015 14:00,10/11/2015 13:00,Tuesday,1:00,JS6-04B,iW34Zcnj
10/11/2015 15:00,10/11/2015 13:00,Tuesday,2:00,JS6-09,JW8brhrQ
10/11/2015 15:00,10/11/2015 13:00,Tuesday,2:00,JS6-11,rcDdcn35
10/11/2015 15:00,10/11/2015 13:00,Tuesday,2:00,JS6-12E,nfM53Zqi
10/11/2015 15:00,10/11/2015 13:00,Tuesday,2:00,JS6-12F,y2snNb3+
10/11/2015 15:30,10/11/2015 13:30,Tuesday,2:00,JS4-03B,0tFIt0hY
10/11/2015 15:30,10/11/2015 13:30,Tuesday,2:00,JS5-03A,vg54ohTO
10/11/2015 15:30,10/11/2015 13:30,Tuesday,2:00,JS5-06,9dhaL/lA
10/11/2015 14:00,10/11/2015 13:30,Tuesday,0:30,JS6-02,h/f+kfPL
10/11/2015 15:30,10/11/2015 13:30,Tuesday,2:00,JS6-07,2EqGk+Pt
10/11/2015 16:00,10/11/2015 14:00,Tuesday,2:00,JS2-02,s9dOAoAb
10/11/2015 14:30,10/11/2015 14:00,Tuesday,0:30,JS3-08,zFMgXbDN
10/11/2015 16:00,10/11/2015 14:00,Tuesday,2:00,JS3-09,3MMbOfNR
10/11/2015 16:00,10/11/2015 14:00,Tuesday,2:00,JS4-03C,daUMTFnp
10/11/2015 16:00,10/11/2015 14:00,Tuesday,2:00,JS4-08,ppspecRc
10/11/2015 16:00,10/11/2015 14:00,Tuesday,2:00,JS5-07,WYKwhMGR
10/11/2015 16:00,10/11/2015 14:00,Tuesday,2:00,JS5-08,6gpeI2VL
10/11/2015 16:00,10/11/2015 14:00,Tuesday,2:00,JS6-02,Rpt2Ey8U
10/11/2015 16:00,10/11/2015 14:00,Tuesday,2:00,JS6-04B,uMJw25vK
10/11/2015 16:00,10/11/2015 14:00,Tuesday,2:00,JS6-12A,M6I465N8
10/11/2015 16:00,10/11/2015 14:00,Tuesday,2:00,JS6-12D,bXMBkluB
10/11/2015 16:30,10/11/2015 14:30,Tuesday,2:00,JS3-08,oEKzES24
10/11/2015 16:30,10/11/2015 14:30,Tuesday,2:00,JS5-03B,Lh2GKbrD
10/11/2015 15:00,10/11/2015 14:30,Tuesday,0:30,JS6-03,gah7DChm
10/11/2015 16:30,10/11/2015 14:30,Tuesday,2:00,JS6-12B,qiSbhqoc
10/11/2015 17:00,10/11/2015 15:00,Tuesday,2:00,JS4-02,4MX1SFqe
10/11/2015 17:00,10/11/2015 15:00,Tuesday,2:00,JS4-07,5odTtKbo
10/11/2015 16:00,10/11/2015 15:00,Tuesday,1:00,JS6-03,9l++TYVR
10/11/2015 15:30,10/11/2015 15:00,Tuesday,0:30,JS6-04A,nLoKxeF5
10/11/2015 17:00,10/11/2015 15:00,Tuesday,2:00,JS6-09,gOtk1MAO
10/11/2015 17:00,10/11/2015 15:00,Tuesday,2:00,JS6-10,+I4d34XR
10/11/2015 17:00,10/11/2015 15:00,Tuesday,2:00,JS6-11,oXbjw9mD
10/11/2015 17:00,10/11/2015 15:00,Tuesday,2:00,JS6-12E,TU6NV5jI
10/11/2015 17:00,10/11/2015 15:00,Tuesday,2:00,JS6-12F,U+QBHoxe
10/11/2015 17:00,10/11/2015 15:30,Tuesday,1:30,JS5-03A,3MVT40IG
10/11/2015 17:30,10/11/2015 15:30,Tuesday,2:00,JS5-06,HdEl6jkR
10/11/2015 17:30,10/11/2015 15:30,Tuesday,2:00,JS6-04A,XbIW4h80
10/11/2015 17:30,10/11/2015 15:30,Tuesday,2:00,JS6-07,lWMMlot9
10/11/2015 18:00,10/11/2015 16:00,Tuesday,2:00,JS3-09,dnngnEc3
10/11/2015 18:00,10/11/2015 16:00,Tuesday,2:00,JS4-03B,DzQPi0To
10/11/2015 18:00,10/11/2015 16:00,Tuesday,2:00,JS4-08,L3uybtC0
10/11/2015 18:00,10/11/2015 16:00,Tuesday,2:00,JS5-07,0GxepZ3L
10/11/2015 18:00,10/11/2015 16:00,Tuesday,2:00,JS5-08,Ku6xkryy
10/11/2015 18:00,10/11/2015 16:00,Tuesday,2:00,JS6-02,qCQmYCN6
10/11/2015 18:00,10/11/2015 16:00,Tuesday,2:00,JS6-04B,PYQCVTDw
10/11/2015 18:00,10/11/2015 16:00,Tuesday,2:00,JS6-12A,zfQdh0fe
10/11/2015 18:30,10/11/2015 16:30,Tuesday,2:00,JS3-08,S1ynKknK
10/11/2015 18:30,10/11/2015 16:30,Tuesday,2:00,JS4-03C,/zcvtpPr
10/11/2015 18:30,10/11/2015 16:30,Tuesday,2:00,JS6-12B,pyy7IswT
10/11/2015 18:30,10/11/2015 16:30,Tuesday,2:00,JS6-12D,CKGe2uVg
10/11/2015 19:00,10/11/2015 17:00,Tuesday,2:00,JS4-02,38hO/Wcy
10/11/2015 19:00,10/11/2015 17:00,Tuesday,2:00,JS4-07,aBHwtv8T
10/11/2015 19:00,10/11/2015 17:00,Tuesday,2:00,JS5-03A,t6/mu3oB
10/11/2015 19:00,10/11/2015 17:00,Tuesday,2:00,JS5-03B,SsH4G0Qa
10/11/2015 19:00,10/11/2015 17:00,Tuesday,2:00,JS6-09,ZjazTqOv
10/11/2015 19:00,10/11/2015 17:00,Tuesday,2:00,JS6-10,N7oUJs6h
10/11/2015 19:00,10/11/2015 17:00,Tuesday,2:00,JS6-11,qSLeewJu
10/11/2015 18:00,10/11/2015 17:00,Tuesday,1:00,JS6-12E,lVd4nK8G
10/11/2015 19:00,10/11/2015 17:00,Tuesday,2:00,JS6-12F,RhFYUA5L
10/11/2015 19:00,10/11/2015 18:00,Tuesday,1:00,JS2-02,mjRaROIi
10/11/2015 20:00,10/11/2015 18:00,Tuesday,2:00,JS3-07,3JdrD5fH
10/11/2015 20:00,10/11/2015 18:00,Tuesday,2:00,JS4-03B,HY4CzEiV
10/11/2015 20:00,10/11/2015 18:00,Tuesday,2:00,JS4-08,loi/2Ppe
10/11/2015 20:00,10/11/2015 18:00,Tuesday,2:00,JS5-06,zhOAcoyp
10/11/2015 20:00,10/11/2015 18:00,Tuesday,2:00,JS5-07,X4K4FfJe
10/11/2015 20:00,10/11/2015 18:00,Tuesday,2:00,JS5-08,hpP5alQQ
10/11/2015 20:00,10/11/2015 18:00,Tuesday,2:00,JS6-02,/IEoK29s
10/11/2015 20:00,10/11/2015 18:00,Tuesday,2:00,JS6-04A,ncbF7+/N
10/11/2015 20:00,10/11/2015 18:00,Tuesday,2:00,JS6-04B,kk6ivoGo
10/11/2015 20:00,10/11/2015 18:00,Tuesday,2:00,JS6-07,mscraJMD
10/11/2015 20:00,10/11/2015 18:00,Tuesday,2:00,JS6-12A,vPmbDkPe
10/11/2015 20:00,10/11/2015 18:00,Tuesday,2:00,JS6-12E,inz1AtvW
10/11/2015 20:30,10/11/2015 18:30,Tuesday,2:00,JS3-08,58JrpcU9
10/11/2015 20:30,10/11/2015 18:30,Tuesday,2:00,JS6-12B,xLQ2I4sB
10/11/2015 20:00,10/11/2015 18:30,Tuesday,1:30,JS6-12D,WYkwfMgR
10/11/2015 21:00,10/11/2015 19:00,Tuesday,2:00,JS2-02,bm2OHDkv
10/11/2015 20:00,10/11/2015 19:00,Tuesday,1:00,JS3-09,9K57Wtuo
10/11/2015 21:00,10/11/2015 19:00,Tuesday,2:00,JS4-02,C2DZW/Mx
10/11/2015 21:00,10/11/2015 19:00,Tuesday,2:00,JS4-03C,HK31kqA8
10/11/2015 21:00,10/11/2015 19:00,Tuesday,2:00,JS4-07,Xf8RgEAE
10/11/2015 21:00,10/11/2015 19:00,Tuesday,2:00,JS5-03A,dBruFqEt
10/11/2015 21:00,10/11/2015 19:00,Tuesday,2:00,JS5-03B,8XNrePZs
10/11/2015 21:00,10/11/2015 19:00,Tuesday,2:00,JS6-09,ARu093s+
10/11/2015 21:00,10/11/2015 19:00,Tuesday,2:00,JS6-10,LvyVtx58
10/11/2015 21:00,10/11/2015 19:00,Tuesday,2:00,JS6-11,tEdSpT/4
10/11/2015 21:00,10/11/2015 19:00,Tuesday,2:00,JS6-12F,mxObe4nw
10/11/2015 22:00,10/11/2015 20:00,Tuesday,2:00,JS3-09,1YJEUlAj
10/11/2015 22:00,10/11/2015 20:00,Tuesday,2:00,JS4-08,gterrus/
10/11/2015 22:00,10/11/2015 20:00,Tuesday,2:00,JS5-06,rtGeHo3I
10/11/2015 22:00,10/11/2015 20:00,Tuesday,2:00,JS5-07,VzfafRhB
10/11/2015 22:00,10/11/2015 20:00,Tuesday,2:00,JS5-08,HJzspCB/
10/11/2015 22:00,10/11/2015 20:00,Tuesday,2:00,JS6-02,IKa12goP
10/11/2015 22:00,10/11/2015 20:00,Tuesday,2:00,JS6-04A,0tJgv21R
10/11/2015 22:00,10/11/2015 20:00,Tuesday,2:00,JS6-04B,zQZBH4Bd
10/11/2015 22:00,10/11/2015 20:00,Tuesday,2:00,JS6-07,N8J+sLKm
10/11/2015 22:00,10/11/2015 20:00,Tuesday,2:00,JS6-12E,cRBI/oq1
10/11/2015 22:30,10/11/2015 20:30,Tuesday,2:00,JS3-08,8fnKfYdc
10/11/2015 22:30,10/11/2015 20:30,Tuesday,2:00,JS4-03B,hslktRdi
10/11/2015 22:30,10/11/2015 20:30,Tuesday,2:00,JS6-12B,d0KMMZhh
10/11/2015 22:30,10/11/2015 20:30,Tuesday,2:00,JS6-12D,gdBLzV0S
10/11/2015 23:00,10/11/2015 21:00,Tuesday,2:00,JS3-07,3JdrD5fH
10/11/2015 23:00,10/11/2015 21:00,Tuesday,2:00,JS4-02,xk7gyBMd
10/11/2015 23:00,10/11/2015 21:00,Tuesday,2:00,JS4-07,rqELosfz
10/11/2015 23:00,10/11/2015 21:00,Tuesday,2:00,JS6-09,UeG2bW7P
10/11/2015 23:00,10/11/2015 21:00,Tuesday,2:00,JS6-10,YL8ZtjqO
10/11/2015 23:00,10/11/2015 21:00,Tuesday,2:00,JS6-11,pukq39Sc
10/11/2015 23:00,10/11/2015 21:00,Tuesday,2:00,JS6-12F,E7Y6hRZj
10/11/2015 23:30,10/11/2015 21:30,Tuesday,2:00,JS2-02,QJPjqpSz
10/11/2015 23:30,10/11/2015 21:30,Tuesday,2:00,JS4-03C,CmbMIBlc
10/11/2015 23:30,10/11/2015 21:30,Tuesday,2:00,JS5-03B,n63kPH0q
10/11/2015 23:30,10/11/2015 22:00,Tuesday,1:30,JS3-09,ev4pXMTl
10/11/2015 23:30,10/11/2015 22:00,Tuesday,1:30,JS6-07,tyR/sz8R
10/11/2015 23:30,10/11/2015 22:00,Tuesday,1:30,JS6-12E,ViYSb3iA
11/11/2015 0:30,10/11/2015 22:30,Tuesday,2:00,JS3-08,rAHU9NzR
11/11/2015 10:30,11/11/2015 8:30,Wednesday,2:00,JS2-02,6OG3ZMzS
11/11/2015 10:30,11/11/2015 8:30,Wednesday,2:00,JS5-08,BCiI1HL0
11/11/2015 9:00,11/11/2015 8:30,Wednesday,0:30,JS6-02,9l++TYVR
11/11/2015 10:00,11/11/2015 8:30,Wednesday,1:30,JS6-03,eUikt+TB
11/11/2015 10:00,11/11/2015 8:30,Wednesday,1:30,JS6-04B,wtc8Ujy+
11/11/2015 11:00,11/11/2015 9:00,Wednesday,2:00,JS3-08,HihJjK3F
11/11/2015 11:00,11/11/2015 9:00,Wednesday,2:00,JS3-09,8D48AIMR
11/11/2015 11:00,11/11/2015 9:00,Wednesday,2:00,JS4-03C,411vrCqG
11/11/2015 11:00,11/11/2015 9:00,Wednesday,2:00,JS4-07,ic/eeLs+
11/11/2015 11:00,11/11/2015 9:00,Wednesday,2:00,JS6-04A,wdAVf03h
11/11/2015 11:00,11/11/2015 9:00,Wednesday,2:00,JS6-09,hcVI4e+c
11/11/2015 11:00,11/11/2015 9:00,Wednesday,2:00,JS6-11,jqRY2o+9
11/11/2015 11:30,11/11/2015 9:30,Wednesday,2:00,JS5-03B,reeuyfY8
11/11/2015 11:00,11/11/2015 10:00,Wednesday,1:00,JS4-02,gA+FKM8e
11/11/2015 12:00,11/11/2015 10:00,Wednesday,2:00,JS4-03B,NdKoTNhy
11/11/2015 12:00,11/11/2015 10:00,Wednesday,2:00,JS4-08,Cl1wEH92
11/11/2015 11:30,11/11/2015 10:00,Wednesday,1:30,JS5-06,55ECA8/p
11/11/2015 12:00,11/11/2015 10:00,Wednesday,2:00,JS6-03,Vk1fB7BF
11/11/2015 12:00,11/11/2015 10:00,Wednesday,2:00,JS6-04B,49TXrLrD
11/11/2015 12:00,11/11/2015 10:00,Wednesday,2:00,JS6-07,Wa8IaegH
11/11/2015 12:00,11/11/2015 10:00,Wednesday,2:00,JS6-10,z7d04ane
11/11/2015 12:00,11/11/2015 10:00,Wednesday,2:00,JS6-12B,8f/aKBA+
11/11/2015 12:00,11/11/2015 10:00,Wednesday,2:00,JS6-12D,WynhPchG
11/11/2015 12:00,11/11/2015 10:00,Wednesday,2:00,JS6-12E,YYEOXhSI
11/11/2015 12:00,11/11/2015 10:00,Wednesday,2:00,JS6-12F,Bcy7Nz5k
11/11/2015 12:30,11/11/2015 10:30,Wednesday,2:00,JS2-02,iR8qDlXB
11/11/2015 12:30,11/11/2015 10:30,Wednesday,2:00,JS5-03A,Lh2GKbrD
11/11/2015 12:00,11/11/2015 10:30,Wednesday,1:30,JS5-08,7akqyPhz
11/11/2015 13:00,11/11/2015 11:00,Wednesday,2:00,JS3-08,O/0lZIyu
11/11/2015 13:00,11/11/2015 11:00,Wednesday,2:00,JS3-09,/9EAAOW0
11/11/2015 13:00,11/11/2015 11:00,Wednesday,2:00,JS4-02,38hO/Wcy
11/11/2015 12:00,11/11/2015 11:00,Wednesday,1:00,JS4-03C,aI1j7Rzs
11/11/2015 13:00,11/11/2015 11:00,Wednesday,2:00,JS4-07,ewCTlaXE
11/11/2015 12:00,11/11/2015 11:00,Wednesday,1:00,JS5-07,cjxP2afa
11/11/2015 13:00,11/11/2015 11:00,Wednesday,2:00,JS6-02,gOtk1MAO
11/11/2015 13:00,11/11/2015 11:00,Wednesday,2:00,JS6-04A,JW8brhrQ
11/11/2015 13:00,11/11/2015 11:00,Wednesday,2:00,JS6-09,ZVdusCZT
11/11/2015 13:00,11/11/2015 11:00,Wednesday,2:00,JS6-11,+kP2lcRY
11/11/2015 12:00,11/11/2015 11:00,Wednesday,1:00,JS6-12A,c3dQS1VO
11/11/2015 13:30,11/11/2015 11:30,Wednesday,2:00,JS5-03B,pu5qTm/9
11/11/2015 13:30,11/11/2015 11:30,Wednesday,2:00,JS5-06,xokv2Lb9
11/11/2015 14:00,11/11/2015 12:00,Wednesday,2:00,JS4-03C,VzfafRhB
11/11/2015 14:00,11/11/2015 12:00,Wednesday,2:00,JS4-08,ppspecRc
11/11/2015 14:00,11/11/2015 12:00,Wednesday,2:00,JS5-07,HdEl6jkR
11/11/2015 14:00,11/11/2015 12:00,Wednesday,2:00,JS5-08,Kwnlwehy
11/11/2015 14:00,11/11/2015 12:00,Wednesday,2:00,JS6-03,sBGcsuTM
11/11/2015 13:00,11/11/2015 12:00,Wednesday,1:00,JS6-04B,Or0Hthy8
11/11/2015 14:00,11/11/2015 12:00,Wednesday,2:00,JS6-07,/NOcdbfw
11/11/2015 14:00,11/11/2015 12:00,Wednesday,2:00,JS6-10,lWMMlot9
11/11/2015 14:00,11/11/2015 12:00,Wednesday,2:00,JS6-12A,M6I465N8
11/11/2015 13:30,11/11/2015 12:00,Wednesday,1:30,JS6-12B,nqsdxptJ
11/11/2015 14:00,11/11/2015 12:00,Wednesday,2:00,JS6-12D,pkiesSuz
11/11/2015 14:00,11/11/2015 12:00,Wednesday,2:00,JS6-12E,iyjNH1qW
11/11/2015 13:00,11/11/2015 12:00,Wednesday,1:00,JS6-12F,oaHzJJQN
11/11/2015 13:30,11/11/2015 12:30,Wednesday,1:00,JS2-02,nNLm99In
11/11/2015 14:30,11/11/2015 12:30,Wednesday,2:00,JS4-03B,zvMTJbpq
11/11/2015 13:30,11/11/2015 12:30,Wednesday,1:00,JS5-03A,sn28dlWr
11/11/2015 15:00,11/11/2015 13:00,Wednesday,2:00,JS3-08,rNAuNwGc
11/11/2015 15:00,11/11/2015 13:00,Wednesday,2:00,JS3-09,o4nvI9J1
11/11/2015 15:00,11/11/2015 13:00,Wednesday,2:00,JS4-02,xpfPuUFA
11/11/2015 15:00,11/11/2015 13:00,Wednesday,2:00,JS4-07,V61c1iIe
11/11/2015 14:00,11/11/2015 13:00,Wednesday,1:00,JS6-02,X6aq3pfJ
11/11/2015 13:30,11/11/2015 13:00,Wednesday,0:30,JS6-04A,1US3Tfyp
11/11/2015 15:00,11/11/2015 13:00,Wednesday,2:00,JS6-04B,Y3qV+quj
11/11/2015 15:00,11/11/2015 13:00,Wednesday,2:00,JS6-09,UjsBQ3lp
11/11/2015 15:00,11/11/2015 13:00,Wednesday,2:00,JS6-11,bXMBkluB
11/11/2015 15:00,11/11/2015 13:00,Wednesday,2:00,JS6-12F,HaQHwpjt
11/11/2015 14:00,11/11/2015 13:30,Wednesday,0:30,JS2-02,6bYH06QP
11/11/2015 15:30,11/11/2015 13:30,Wednesday,2:00,JS5-03A,y2snNb3+
11/11/2015 15:30,11/11/2015 13:30,Wednesday,2:00,JS5-03B,O6ipTX4X
11/11/2015 15:30,11/11/2015 13:30,Wednesday,2:00,JS5-06,TeK8R1xb
11/11/2015 15:00,11/11/2015 13:30,Wednesday,1:30,JS6-04A,hZPJLHNZ
11/11/2015 15:30,11/11/2015 13:30,Wednesday,2:00,JS6-12B,iW34Zcnj
11/11/2015 16:00,11/11/2015 14:00,Wednesday,2:00,JS2-02,c8Z61bU+
11/11/2015 14:30,11/11/2015 14:00,Wednesday,0:30,JS4-03C,wAxmOopD
11/11/2015 16:00,11/11/2015 14:00,Wednesday,2:00,JS4-08,0CJeRSF8
11/11/2015 16:00,11/11/2015 14:00,Wednesday,2:00,JS6-02,Rpt2Ey8U
11/11/2015 15:00,11/11/2015 14:00,Wednesday,1:00,JS6-03,kONg1l8a
11/11/2015 16:00,11/11/2015 14:00,Wednesday,2:00,JS6-07,0tizT8Dh
11/11/2015 16:00,11/11/2015 14:00,Wednesday,2:00,JS6-10,Gb02Afxt
11/11/2015 16:00,11/11/2015 14:00,Wednesday,2:00,JS6-12A,iOQHNg/e
11/11/2015 16:00,11/11/2015 14:00,Wednesday,2:00,JS6-12D,m+gIoef4
11/11/2015 16:00,11/11/2015 14:00,Wednesday,2:00,JS6-12E,Z9hkjxLV
11/11/2015 16:30,11/11/2015 14:30,Wednesday,2:00,JS4-03B,jVDksw07
11/11/2015 16:30,11/11/2015 14:30,Wednesday,2:00,JS4-03C,/zcvtpPr
11/11/2015 16:30,11/11/2015 14:30,Wednesday,2:00,JS5-07,zhOAcoyp
11/11/2015 16:30,11/11/2015 14:30,Wednesday,2:00,JS5-08,oEKzES24
11/11/2015 17:00,11/11/2015 15:00,Wednesday,2:00,JS3-08,bDC1L1Vd
11/11/2015 17:00,11/11/2015 15:00,Wednesday,2:00,JS3-09,ahtcZgj0
11/11/2015 17:00,11/11/2015 15:00,Wednesday,2:00,JS4-02,28Cx5SQQ
11/11/2015 16:00,11/11/2015 15:00,Wednesday,1:00,JS4-07,WYKwhMGR
11/11/2015 17:00,11/11/2015 15:00,Wednesday,2:00,JS6-03,zFwbub65
11/11/2015 17:00,11/11/2015 15:00,Wednesday,2:00,JS6-04A,5uaFwaK+
11/11/2015 17:00,11/11/2015 15:00,Wednesday,2:00,JS6-04B,4WIVFWDa
11/11/2015 17:00,11/11/2015 15:00,Wednesday,2:00,JS6-09,XojxzJVK
11/11/2015 17:00,11/11/2015 15:00,Wednesday,2:00,JS6-11,rcDdcn35
11/11/2015 17:00,11/11/2015 15:00,Wednesday,2:00,JS6-12F,WthWh0lR
11/11/2015 17:30,11/11/2015 15:30,Wednesday,2:00,JS5-03A,8bI0sHZ5
11/11/2015 17:30,11/11/2015 15:30,Wednesday,2:00,JS5-03B,qfBj5VL6
11/11/2015 17:30,11/11/2015 15:30,Wednesday,2:00,JS5-06,wheukJdn
11/11/2015 16:00,11/11/2015 15:30,Wednesday,0:30,JS6-12B,8p1VsUkh
11/11/2015 17:00,11/11/2015 16:00,Wednesday,1:00,JS2-02,nLoKxeF5
11/11/2015 18:00,11/11/2015 16:00,Wednesday,2:00,JS4-07,X4K4FfJe
11/11/2015 18:00,11/11/2015 16:00,Wednesday,2:00,JS4-08,L3uybtC0
11/11/2015 18:00,11/11/2015 16:00,Wednesday,2:00,JS6-02,qCQmYCN6
11/11/2015 18:00,11/11/2015 16:00,Wednesday,2:00,JS6-12A,zfQdh0fe
11/11/2015 18:00,11/11/2015 16:00,Wednesday,2:00,JS6-12B,kk6ivoGo
11/11/2015 16:30,11/11/2015 16:00,Wednesday,0:30,JS6-12D,FYpi8PSz
11/11/2015 18:00,11/11/2015 16:00,Wednesday,2:00,JS6-12E,Ku6xkryy
11/11/2015 17:30,11/11/2015 16:30,Wednesday,1:00,JS5-07,5wUIQfKJ
11/11/2015 18:30,11/11/2015 16:30,Wednesday,2:00,JS5-08,DRZy61UZ
11/11/2015 18:30,11/11/2015 16:30,Wednesday,2:00,JS6-07,XbIW4h80
11/11/2015 18:30,11/11/2015 16:30,Wednesday,2:00,JS6-10,PpQ//4jw
11/11/2015 18:30,11/11/2015 16:30,Wednesday,2:00,JS6-12D,woX/iWlx
11/11/2015 18:30,11/11/2015 17:00,Wednesday,1:30,JS2-02,mjRaROIi
11/11/2015 19:00,11/11/2015 17:00,Wednesday,2:00,JS3-08,S1ynKknK
11/11/2015 19:00,11/11/2015 17:00,Wednesday,2:00,JS4-02,4MX1SFqe
11/11/2015 19:00,11/11/2015 17:00,Wednesday,2:00,JS4-03B,0ZnueF/F
11/11/2015 19:00,11/11/2015 17:00,Wednesday,2:00,JS4-03C,CmbMIBlc
11/11/2015 19:00,11/11/2015 17:00,Wednesday,2:00,JS6-04A,ZjazTqOv
11/11/2015 19:00,11/11/2015 17:00,Wednesday,2:00,JS6-04B,azntXTVj
11/11/2015 19:00,11/11/2015 17:00,Wednesday,2:00,JS6-09,aBHwtv8T
11/11/2015 19:00,11/11/2015 17:00,Wednesday,2:00,JS6-11,orUVjRj3
11/11/2015 19:00,11/11/2015 17:00,Wednesday,2:00,JS6-12F,SiQPNXnM
11/11/2015 19:00,11/11/2015 17:30,Wednesday,1:30,JS3-09,dnngnEc3
11/11/2015 18:00,11/11/2015 17:30,Wednesday,0:30,JS5-03A,SJYIZU1k
11/11/2015 19:30,11/11/2015 17:30,Wednesday,2:00,JS5-03B,SsH4G0Qa
11/11/2015 19:30,11/11/2015 17:30,Wednesday,2:00,JS5-06,N7oUJs6h
11/11/2015 19:30,11/11/2015 17:30,Wednesday,2:00,JS5-07,fGEXV30i
11/11/2015 20:00,11/11/2015 18:00,Wednesday,2:00,JS3-07,3JdrD5fH
11/11/2015 20:00,11/11/2015 18:00,Wednesday,2:00,JS4-07,V3P6iK+N
11/11/2015 20:00,11/11/2015 18:00,Wednesday,2:00,JS4-08,gterrus/
11/11/2015 20:00,11/11/2015 18:00,Wednesday,2:00,JS5-03A,J1xi/kIb
11/11/2015 20:00,11/11/2015 18:00,Wednesday,2:00,JS6-02,IKa12goP
11/11/2015 20:00,11/11/2015 18:00,Wednesday,2:00,JS6-12A,vPmbDkPe
11/11/2015 20:00,11/11/2015 18:00,Wednesday,2:00,JS6-12B,inz1AtvW
11/11/2015 19:30,11/11/2015 18:00,Wednesday,1:30,JS6-12E,00GUG9Hz
11/11/2015 20:30,11/11/2015 18:30,Wednesday,2:00,JS2-02,bm2OHDkv
11/11/2015 20:30,11/11/2015 18:30,Wednesday,2:00,JS5-08,rtGeHo3I
11/11/2015 20:00,11/11/2015 18:30,Wednesday,1:30,JS6-12D,CKGe2uVg
11/11/2015 21:00,11/11/2015 19:00,Wednesday,2:00,JS3-08,58JrpcU9
11/11/2015 21:00,11/11/2015 19:00,Wednesday,2:00,JS3-09,9K57Wtuo
11/11/2015 21:00,11/11/2015 19:00,Wednesday,2:00,JS4-02,LUPV9Ywl
11/11/2015 21:00,11/11/2015 19:00,Wednesday,2:00,JS4-03B,po7pQF3L
11/11/2015 21:00,11/11/2015 19:00,Wednesday,2:00,JS6-04A,ARu093s+
11/11/2015 21:00,11/11/2015 19:00,Wednesday,2:00,JS6-04B,Q/m6zoDV
11/11/2015 21:00,11/11/2015 19:00,Wednesday,2:00,JS6-07,ncbF7+/N
11/11/2015 21:00,11/11/2015 19:00,Wednesday,2:00,JS6-09,tOgAtpmd
11/11/2015 21:00,11/11/2015 19:00,Wednesday,2:00,JS6-10,2EqGk+Pt
11/11/2015 21:00,11/11/2015 19:00,Wednesday,2:00,JS6-11,bxUcm+/s
11/11/2015 21:00,11/11/2015 19:00,Wednesday,2:00,JS6-12F,8fnKfYdc
11/11/2015 21:30,11/11/2015 19:30,Wednesday,2:00,JS4-03C,xk7gyBMd
11/11/2015 21:30,11/11/2015 19:30,Wednesday,2:00,JS5-03B,8XNrePZs
11/11/2015 21:30,11/11/2015 19:30,Wednesday,2:00,JS5-06,HJzspCB/
11/11/2015 21:30,11/11/2015 19:30,Wednesday,2:00,JS5-07,fdQ+Hsnz
11/11/2015 21:30,11/11/2015 19:30,Wednesday,2:00,JS6-12E,mxObe4nw
11/11/2015 22:00,11/11/2015 20:00,Wednesday,2:00,JS4-07,aflzs3Mf
11/11/2015 22:00,11/11/2015 20:00,Wednesday,2:00,JS4-08,oYd5IxPY
11/11/2015 22:00,11/11/2015 20:00,Wednesday,2:00,JS5-03A,IWjbkFCD
11/11/2015 22:00,11/11/2015 20:00,Wednesday,2:00,JS6-02,/IEoK29s
11/11/2015 22:00,11/11/2015 20:00,Wednesday,2:00,JS6-12A,qL47cHia
11/11/2015 22:00,11/11/2015 20:00,Wednesday,2:00,JS6-12B,cRBI/oq1
11/11/2015 22:00,11/11/2015 20:00,Wednesday,2:00,JS6-12D,xLQ2I4sB
11/11/2015 22:30,11/11/2015 20:30,Wednesday,2:00,JS5-08,IoLD9caA
11/11/2015 23:00,11/11/2015 21:00,Wednesday,2:00,JS2-02,QJPjqpSz
11/11/2015 23:00,11/11/2015 21:00,Wednesday,2:00,JS3-07,3JdrD5fH
11/11/2015 22:30,11/11/2015 21:00,Wednesday,1:30,JS3-08,PwmwNDHo
11/11/2015 21:30,11/11/2015 21:00,Wednesday,0:30,JS3-09,Vpsz9MHk
11/11/2015 23:00,11/11/2015 21:00,Wednesday,2:00,JS4-02,V48Fhesd
11/11/2015 23:00,11/11/2015 21:00,Wednesday,2:00,JS4-03B,3MMbOfNR
11/11/2015 23:00,11/11/2015 21:00,Wednesday,2:00,JS6-04A,YL8ZtjqO
11/11/2015 23:00,11/11/2015 21:00,Wednesday,2:00,JS6-04B,U6kXT02b
11/11/2015 23:00,11/11/2015 21:00,Wednesday,2:00,JS6-07,N8J+sLKm
11/11/2015 23:00,11/11/2015 21:00,Wednesday,2:00,JS6-09,rqELosfz
11/11/2015 23:00,11/11/2015 21:00,Wednesday,2:00,JS6-10,D4Qt7xTl
11/11/2015 23:00,11/11/2015 21:00,Wednesday,2:00,JS6-11,xgldgm9e
11/11/2015 23:00,11/11/2015 21:00,Wednesday,2:00,JS6-12F,gdBLzV0S
11/11/2015 23:30,11/11/2015 21:30,Wednesday,2:00,JS3-09,1YJEUlAj
11/11/2015 23:30,11/11/2015 21:30,Wednesday,2:00,JS4-03C,btaKqt5W
11/11/2015 23:30,11/11/2015 21:30,Wednesday,2:00,JS5-03B,pP/ITK4b
11/11/2015 23:30,11/11/2015 21:30,Wednesday,2:00,JS5-06,n63kPH0q
11/11/2015 23:30,11/11/2015 21:30,Wednesday,2:00,JS5-07,IYWfjcsn
11/11/2015 23:30,11/11/2015 21:30,Wednesday,2:00,JS6-12E,17fshxis
11/11/2015 23:30,11/11/2015 22:00,Wednesday,1:30,JS6-02,NthtYXgi
11/11/2015 23:30,11/11/2015 22:00,Wednesday,1:30,JS6-12A,oAOmh/Yl
11/11/2015 23:30,11/11/2015 22:00,Wednesday,1:30,JS6-12B,ViYSb3iA
11/11/2015 23:30,11/11/2015 22:00,Wednesday,1:30,JS6-12D,pyy7IswT
12/11/2015 0:30,11/11/2015 22:30,Wednesday,2:00,JS3-08,rAHU9NzR
11/11/2015 23:30,11/11/2015 23:00,Wednesday,0:30,JS6-07,tyR/sz8R
11/11/2015 23:30,11/11/2015 23:00,Wednesday,0:30,JS6-09,AR1PW7UZ
12/11/2015 1:30,11/11/2015 23:30,Wednesday,2:00,JS2-02,rPApATKg
12/11/2015 0:30,11/11/2015 23:30,Wednesday,1:00,JS3-09,g+jUbOnn
12/11/2015 10:30,12/11/2015 8:30,Thursday,2:00,JS4-07,Nek4IBZS
12/11/2015 10:30,12/11/2015 8:30,Thursday,2:00,JS6-12A,TU6NV5jI
12/11/2015 10:30,12/11/2015 8:30,Thursday,2:00,JS6-12F,9dCfjwfJ
12/11/2015 10:30,12/11/2015 9:00,Thursday,1:30,JS3-04A,sG5HKj8h
12/11/2015 11:00,12/11/2015 9:00,Thursday,2:00,JS3-08,z3ujsoNK
12/11/2015 11:00,12/11/2015 9:00,Thursday,2:00,JS4-03C,ERAWRYfN
12/11/2015 11:00,12/11/2015 9:00,Thursday,2:00,JS5-03B,DRZy61UZ
12/11/2015 11:00,12/11/2015 9:00,Thursday,2:00,JS5-07,ewCTlaXE
12/11/2015 11:00,12/11/2015 9:00,Thursday,2:00,JS6-11,cYM4DR2V
12/11/2015 11:00,12/11/2015 9:30,Thursday,1:30,JS3-09,1US3Tfyp
12/11/2015 11:30,12/11/2015 9:30,Thursday,2:00,JS5-03A,QVu6PqXk
12/11/2015 11:00,12/11/2015 9:30,Thursday,1:30,JS6-10,EiWEVqJR
12/11/2015 12:00,12/11/2015 10:00,Thursday,2:00,JS2-02,z7d04ane
12/11/2015 11:00,12/11/2015 10:00,Thursday,1:00,JS4-02,f/D0U61e
12/11/2015 12:00,12/11/2015 10:00,Thursday,2:00,JS4-08,Cl1wEH92
12/11/2015 12:00,12/11/2015 10:00,Thursday,2:00,JS5-06,FBpZYfwS
12/11/2015 12:00,12/11/2015 10:00,Thursday,2:00,JS6-02,qL47cHia
12/11/2015 12:00,12/11/2015 10:00,Thursday,2:00,JS6-03,Vk1fB7BF
12/11/2015 11:30,12/11/2015 10:00,Thursday,1:30,JS6-04A,ysSUtU9X
12/11/2015 12:00,12/11/2015 10:00,Thursday,2:00,JS6-04B,V9uaORaL
12/11/2015 12:00,12/11/2015 10:00,Thursday,2:00,JS6-07,49TXrLrD
12/11/2015 12:00,12/11/2015 10:00,Thursday,2:00,JS6-09,hcVI4e+c
12/11/2015 11:30,12/11/2015 10:00,Thursday,1:30,JS6-12B,PYQCVTDw
12/11/2015 12:00,12/11/2015 10:00,Thursday,2:00,JS6-12E,P4NPle2t
12/11/2015 12:30,12/11/2015 10:30,Thursday,2:00,JS4-03B,cjxP2afa
12/11/2015 12:30,12/11/2015 10:30,Thursday,2:00,JS6-12A,iOQHNg/e
12/11/2015 12:00,12/11/2015 10:30,Thursday,1:30,JS6-12D,Iql5wzgj
12/11/2015 12:00,12/11/2015 10:30,Thursday,1:30,JS6-12F,ybv0rYlx
12/11/2015 13:00,12/11/2015 11:00,Thursday,2:00,JS3-08,o4nvI9J1
12/11/2015 13:00,12/11/2015 11:00,Thursday,2:00,JS3-09,jVDksw07
12/11/2015 13:00,12/11/2015 11:00,Thursday,2:00,JS4-02,C2DZW/Mx
12/11/2015 12:00,12/11/2015 11:00,Thursday,1:00,JS4-03C,2eqJ7r0G
12/11/2015 13:00,12/11/2015 11:00,Thursday,2:00,JS4-07,pkiesSuz
12/11/2015 13:00,12/11/2015 11:00,Thursday,2:00,JS5-03B,HihJjK3F
12/11/2015 12:00,12/11/2015 11:00,Thursday,1:00,JS5-07,uN+Ocw7W
12/11/2015 12:30,12/11/2015 11:00,Thursday,1:30,JS5-08,kU7wWXh9
12/11/2015 13:00,12/11/2015 11:00,Thursday,2:00,JS6-10,JW8brhrQ
12/11/2015 13:00,12/11/2015 11:00,Thursday,2:00,JS6-11,L41oF4o2
12/11/2015 13:30,12/11/2015 11:30,Thursday,2:00,JS5-03A,aflzs3Mf
12/11/2015 13:30,12/11/2015 11:30,Thursday,2:00,JS6-04A,9wlna8z5
12/11/2015 13:30,12/11/2015 11:30,Thursday,2:00,JS6-12B,woX/iWlx
12/11/2015 13:00,12/11/2015 12:00,Thursday,1:00,JS2-02,Xepxbsh+
12/11/2015 14:00,12/11/2015 12:00,Thursday,2:00,JS4-03C,HpwCtfjN
12/11/2015 14:00,12/11/2015 12:00,Thursday,2:00,JS4-08,0CJeRSF8
12/11/2015 14:00,12/11/2015 12:00,Thursday,2:00,JS5-06,Gr0gl7Eo
12/11/2015 14:00,12/11/2015 12:00,Thursday,2:00,JS5-07,MlOL0TYp
12/11/2015 14:00,12/11/2015 12:00,Thursday,2:00,JS6-03,zFwbub65
12/11/2015 14:00,12/11/2015 12:00,Thursday,2:00,JS6-04B,0tizT8Dh
12/11/2015 14:00,12/11/2015 12:00,Thursday,2:00,JS6-07,LUa5sc6Z
12/11/2015 14:00,12/11/2015 12:00,Thursday,2:00,JS6-09,Gb02Afxt
12/11/2015 14:00,12/11/2015 12:00,Thursday,2:00,JS6-12D,Kwnlwehy
12/11/2015 14:00,12/11/2015 12:00,Thursday,2:00,JS6-12E,79XtQdq3
12/11/2015 14:00,12/11/2015 12:00,Thursday,2:00,JS6-12F,RhFYUA5L
12/11/2015 14:30,12/11/2015 12:30,Thursday,2:00,JS4-03B,XSBsAFPb
12/11/2015 14:30,12/11/2015 12:30,Thursday,2:00,JS5-08,ic/eeLs+
12/11/2015 14:00,12/11/2015 12:30,Thursday,1:30,JS6-02,phM7UwFS
12/11/2015 14:30,12/11/2015 12:30,Thursday,2:00,JS6-12A,vPmbDkPe
12/11/2015 15:00,12/11/2015 13:00,Thursday,2:00,JS2-02,qOt14NBH
12/11/2015 13:30,12/11/2015 13:00,Thursday,0:30,JS3-09,/lJ9PoBG
12/11/2015 15:00,12/11/2015 13:00,Thursday,2:00,JS4-02,xpfPuUFA
12/11/2015 15:00,12/11/2015 13:00,Thursday,2:00,JS4-07,bDC1L1Vd
12/11/2015 15:00,12/11/2015 13:00,Thursday,2:00,JS5-03B,O/0lZIyu
12/11/2015 15:00,12/11/2015 13:00,Thursday,2:00,JS6-10,N7oUJs6h
12/11/2015 15:00,12/11/2015 13:00,Thursday,2:00,JS6-11,AAm0HdAw
12/11/2015 15:00,12/11/2015 13:30,Thursday,1:30,JS3-08,3MMbOfNR
12/11/2015 15:30,12/11/2015 13:30,Thursday,2:00,JS3-09,1YJEUlAj
12/11/2015 15:30,12/11/2015 13:30,Thursday,2:00,JS5-03A,2bi0tpvO
12/11/2015 14:00,12/11/2015 13:30,Thursday,0:30,JS6-12B,asZt/dan
12/11/2015 16:00,12/11/2015 14:00,Thursday,2:00,JS4-03C,/zcvtpPr
12/11/2015 16:00,12/11/2015 14:00,Thursday,2:00,JS4-08,oRK94XG+
12/11/2015 16:00,12/11/2015 14:00,Thursday,2:00,JS5-06,rw12IGsA
12/11/2015 16:00,12/11/2015 14:00,Thursday,2:00,JS5-07,HDhD+6dk
12/11/2015 15:00,12/11/2015 14:00,Thursday,1:00,JS6-03,sBGcsuTM
12/11/2015 16:00,12/11/2015 14:00,Thursday,2:00,JS6-09,lWMMlot9
12/11/2015 16:00,12/11/2015 14:00,Thursday,2:00,JS6-12B,EFchOEas
12/11/2015 16:00,12/11/2015 14:00,Thursday,2:00,JS6-12D,oEKzES24
12/11/2015 16:00,12/11/2015 14:00,Thursday,2:00,JS6-12E,jFxakXvn
12/11/2015 16:00,12/11/2015 14:00,Thursday,2:00,JS6-12F,qiSbhqoc
12/11/2015 15:00,12/11/2015 14:30,Thursday,0:30,JS4-03B,c8Z61bU+
12/11/2015 16:30,12/11/2015 14:30,Thursday,2:00,JS5-08,aBHwtv8T
12/11/2015 16:00,12/11/2015 14:30,Thursday,1:30,JS6-02,Rpt2Ey8U
12/11/2015 16:00,12/11/2015 14:30,Thursday,1:30,JS6-04A,ZjazTqOv
12/11/2015 16:30,12/11/2015 14:30,Thursday,2:00,JS6-04B,rAHU9NzR
12/11/2015 16:30,12/11/2015 14:30,Thursday,2:00,JS6-07,Dggior4t
12/11/2015 16:30,12/11/2015 14:30,Thursday,2:00,JS6-12A,c3dQS1VO
12/11/2015 17:00,12/11/2015 15:00,Thursday,2:00,JS2-02,HzbBwUOp
12/11/2015 17:00,12/11/2015 15:00,Thursday,2:00,JS3-08,ahtcZgj0
12/11/2015 17:00,12/11/2015 15:00,Thursday,2:00,JS4-03B,4MX1SFqe
12/11/2015 17:00,12/11/2015 15:00,Thursday,2:00,JS4-07,ppspecRc
12/11/2015 17:00,12/11/2015 15:00,Thursday,2:00,JS5-03B,WYKwhMGR
12/11/2015 17:00,12/11/2015 15:00,Thursday,2:00,JS6-03,8s92LBsr
12/11/2015 17:00,12/11/2015 15:00,Thursday,2:00,JS6-10,azntXTVj
12/11/2015 17:00,12/11/2015 15:00,Thursday,2:00,JS6-11,fGEXV30i
12/11/2015 16:30,12/11/2015 15:30,Thursday,1:00,JS3-09,VuKSf9t8
12/11/2015 17:30,12/11/2015 15:30,Thursday,2:00,JS5-03A,Xj62oPyo
12/11/2015 18:00,12/11/2015 16:00,Thursday,2:00,JS4-03C,KhPljRAv
12/11/2015 18:00,12/11/2015 16:00,Thursday,2:00,JS4-08,gterrus/
12/11/2015 18:00,12/11/2015 16:00,Thursday,2:00,JS5-06,nrqR2yXZ
12/11/2015 18:00,12/11/2015 16:00,Thursday,2:00,JS5-07,DF7y77Hy
12/11/2015 18:00,12/11/2015 16:00,Thursday,2:00,JS6-02,qCQmYCN6
12/11/2015 18:00,12/11/2015 16:00,Thursday,2:00,JS6-04A,ARu093s+
12/11/2015 18:00,12/11/2015 16:00,Thursday,2:00,JS6-09,dxPtECjh
12/11/2015 18:00,12/11/2015 16:00,Thursday,2:00,JS6-12B,cD5LUGJm
12/11/2015 18:00,12/11/2015 16:00,Thursday,2:00,JS6-12E,00GUG9Hz
12/11/2015 18:00,12/11/2015 16:00,Thursday,2:00,JS6-12F,pyy7IswT
12/11/2015 18:30,12/11/2015 16:30,Thursday,2:00,JS3-09,dnngnEc3
12/11/2015 18:30,12/11/2015 16:30,Thursday,2:00,JS5-08,tOgAtpmd
12/11/2015 18:30,12/11/2015 16:30,Thursday,2:00,JS6-07,5w2zUzUM
12/11/2015 18:30,12/11/2015 16:30,Thursday,2:00,JS6-12A,zfQdh0fe
12/11/2015 18:30,12/11/2015 16:30,Thursday,2:00,JS6-12D,inz1AtvW
12/11/2015 19:00,12/11/2015 17:00,Thursday,2:00,JS2-02,HJzspCB/
12/11/2015 19:00,12/11/2015 17:00,Thursday,2:00,JS3-08,/9EAAOW0
12/11/2015 19:00,12/11/2015 17:00,Thursday,2:00,JS4-03B,38hO/Wcy
12/11/2015 19:00,12/11/2015 17:00,Thursday,2:00,JS4-07,L3uybtC0
12/11/2015 19:00,12/11/2015 17:00,Thursday,2:00,JS5-03B,V3P6iK+N
12/11/2015 19:00,12/11/2015 17:00,Thursday,2:00,JS6-04B,XbIW4h80
12/11/2015 19:00,12/11/2015 17:00,Thursday,2:00,JS6-10,hhxoLw6x
12/11/2015 19:00,12/11/2015 17:00,Thursday,2:00,JS6-11,2fvjdWtP
12/11/2015 19:30,12/11/2015 17:30,Thursday,2:00,JS5-03A,8XNrePZs
12/11/2015 20:00,12/11/2015 18:00,Thursday,2:00,JS3-07,3JdrD5fH
12/11/2015 20:00,12/11/2015 18:00,Thursday,2:00,JS4-08,oYd5IxPY
12/11/2015 20:00,12/11/2015 18:00,Thursday,2:00,JS5-06,ur47iDnb
12/11/2015 20:00,12/11/2015 18:00,Thursday,2:00,JS5-07,OZZlcyFN
12/11/2015 20:00,12/11/2015 18:00,Thursday,2:00,JS6-02,/IEoK29s
12/11/2015 20:00,12/11/2015 18:00,Thursday,2:00,JS6-04A,zQZBH4Bd
12/11/2015 20:00,12/11/2015 18:00,Thursday,2:00,JS6-09,Q/m6zoDV
12/11/2015 19:30,12/11/2015 18:00,Thursday,1:30,JS6-12B,WoULUwLC
12/11/2015 20:00,12/11/2015 18:00,Thursday,2:00,JS6-12E,iW34Zcnj
12/11/2015 20:00,12/11/2015 18:00,Thursday,2:00,JS6-12F,xLQ2I4sB
12/11/2015 19:00,12/11/2015 18:30,Thursday,0:30,JS3-09,Vpsz9MHk
12/11/2015 20:30,12/11/2015 18:30,Thursday,2:00,JS5-08,AR1PW7UZ
12/11/2015 20:30,12/11/2015 18:30,Thursday,2:00,JS6-12A,M6I465N8
12/11/2015 20:30,12/11/2015 18:30,Thursday,2:00,JS6-12D,cRBI/oq1
12/11/2015 21:00,12/11/2015 19:00,Thursday,2:00,JS3-08,S1ynKknK
12/11/2015 21:00,12/11/2015 19:00,Thursday,2:00,JS3-09,9K57Wtuo
12/11/2015 21:00,12/11/2015 19:00,Thursday,2:00,JS4-02,28Cx5SQQ
12/11/2015 21:00,12/11/2015 19:00,Thursday,2:00,JS4-03B,zhOAcoyp
12/11/2015 21:00,12/11/2015 19:00,Thursday,2:00,JS4-03C,CmbMIBlc
12/11/2015 21:00,12/11/2015 19:00,Thursday,2:00,JS4-07,2w5JJk7E
12/11/2015 21:00,12/11/2015 19:00,Thursday,2:00,JS5-03B,0GxepZ3L
12/11/2015 21:00,12/11/2015 19:00,Thursday,2:00,JS6-07,N8J+sLKm
12/11/2015 21:00,12/11/2015 19:00,Thursday,2:00,JS6-10,1BXDMF1f
12/11/2015 21:00,12/11/2015 19:00,Thursday,2:00,JS6-11,8fnKfYdc
12/11/2015 21:30,12/11/2015 19:30,Thursday,2:00,JS5-03A,SsH4G0Qa
12/11/2015 21:30,12/11/2015 19:30,Thursday,2:00,JS6-04B,U6kXT02b
12/11/2015 21:30,12/11/2015 19:30,Thursday,2:00,JS6-12B,mxObe4nw
12/11/2015 21:30,12/11/2015 20:00,Thursday,1:30,JS2-02,cbKbsny9
12/11/2015 22:00,12/11/2015 20:00,Thursday,2:00,JS4-08,C/joybiA
12/11/2015 22:00,12/11/2015 20:00,Thursday,2:00,JS5-06,GFHtrF0e
12/11/2015 22:00,12/11/2015 20:00,Thursday,2:00,JS5-07,MrYoD3Pu
12/11/2015 22:00,12/11/2015 20:00,Thursday,2:00,JS6-02,IKa12goP
12/11/2015 22:00,12/11/2015 20:00,Thursday,2:00,JS6-04A,mjRaROIi
12/11/2015 22:00,12/11/2015 20:00,Thursday,2:00,JS6-09,lF7IIzpb
12/11/2015 22:00,12/11/2015 20:00,Thursday,2:00,JS6-12F,d0KMMZhh
12/11/2015 22:30,12/11/2015 20:30,Thursday,2:00,JS5-08,rqELosfz
12/11/2015 22:00,12/11/2015 20:30,Thursday,1:30,JS6-12A,rD4moQnd
12/11/2015 22:30,12/11/2015 20:30,Thursday,2:00,JS6-12E,kk6ivoGo
12/11/2015 23:00,12/11/2015 21:00,Thursday,2:00,JS3-07,3JdrD5fH
12/11/2015 23:00,12/11/2015 21:00,Thursday,2:00,JS3-08,58JrpcU9
12/11/2015 22:30,12/11/2015 21:00,Thursday,1:30,JS3-09,6n5n++B1
12/11/2015 21:30,12/11/2015 21:00,Thursday,0:30,JS4-02,bm2OHDkv
12/11/2015 23:00,12/11/2015 21:00,Thursday,2:00,JS4-03B,t4ULxFtP
12/11/2015 23:00,12/11/2015 21:00,Thursday,2:00,JS4-03C,u6lphjO0
12/11/2015 23:00,12/11/2015 21:00,Thursday,2:00,JS4-07,eDK9RdC7
12/11/2015 23:00,12/11/2015 21:00,Thursday,2:00,JS5-03B,X4K4FfJe
12/11/2015 23:00,12/11/2015 21:00,Thursday,2:00,JS6-10,YljB22a8
12/11/2015 23:00,12/11/2015 21:00,Thursday,2:00,JS6-11,YL8ZtjqO
12/11/2015 23:00,12/11/2015 21:00,Thursday,2:00,JS6-12D,ViYSb3iA
12/11/2015 23:30,12/11/2015 21:30,Thursday,2:00,JS2-02,pP/ITK4b
12/11/2015 23:30,12/11/2015 21:30,Thursday,2:00,JS4-02,QJPjqpSz
12/11/2015 23:30,12/11/2015 21:30,Thursday,2:00,JS5-03A,+8PI9imD
12/11/2015 23:30,12/11/2015 21:30,Thursday,2:00,JS6-04B,g+jUbOnn
12/11/2015 23:30,12/11/2015 21:30,Thursday,2:00,JS6-07,tyR/sz8R
12/11/2015 23:00,12/11/2015 22:00,Thursday,1:00,JS4-08,9uOk3yVN
12/11/2015 23:30,12/11/2015 22:00,Thursday,1:30,JS6-02,btaKqt5W
13/11/2015 0:30,12/11/2015 22:30,Thursday,2:00,JS3-09,ncbF7+/N
13/11/2015 1:00,12/11/2015 23:00,Thursday,2:00,JS3-08,ev4pXMTl
13/11/2015 1:00,12/11/2015 23:00,Thursday,2:00,JS4-03B,WBqbLLPL
13/11/2015 0:30,12/11/2015 23:30,Thursday,1:00,JS2-02,Sv2TFONP
13/11/2015 10:00,13/11/2015 8:30,Friday,1:30,JS3-08,nIahLdIQ
13/11/2015 10:30,13/11/2015 8:30,Friday,2:00,JS4-07,4UTeTecf
13/11/2015 10:30,13/11/2015 8:30,Friday,2:00,JS6-12B,4WIVFWDa
13/11/2015 10:30,13/11/2015 9:00,Friday,1:30,JS4-03C,zCRWo3iZ
13/11/2015 11:00,13/11/2015 9:00,Friday,2:00,JS5-06,DRZy61UZ
13/11/2015 11:00,13/11/2015 9:00,Friday,2:00,JS5-07,ic/eeLs+
13/11/2015 11:00,13/11/2015 9:00,Friday,2:00,JS6-02,Y1Sn+bQ4
13/11/2015 11:00,13/11/2015 9:00,Friday,2:00,JS6-10,vG73PeZ1
13/11/2015 10:00,13/11/2015 9:00,Friday,1:00,JS6-12E,PSr96pxE
13/11/2015 11:00,13/11/2015 9:00,Friday,2:00,JS6-12F,cYM4DR2V
13/11/2015 11:30,13/11/2015 9:30,Friday,2:00,JS5-03A,IDoCd28r
13/11/2015 11:30,13/11/2015 9:30,Friday,2:00,JS6-04B,9+iIcOM8
13/11/2015 11:00,13/11/2015 9:30,Friday,1:30,JS6-11,hcVI4e+c
13/11/2015 12:00,13/11/2015 10:00,Friday,2:00,JS3-09,8D48AIMR
13/11/2015 12:00,13/11/2015 10:00,Friday,2:00,JS4-08,Cl1wEH92
13/11/2015 12:00,13/11/2015 10:00,Friday,2:00,JS5-08,HpwCtfjN
13/11/2015 11:30,13/11/2015 10:00,Friday,1:30,JS6-04A,lu5asWlE
13/11/2015 12:00,13/11/2015 10:00,Friday,2:00,JS6-09,49TXrLrD
13/11/2015 12:00,13/11/2015 10:00,Friday,2:00,JS6-12A,M6I465N8
13/11/2015 12:00,13/11/2015 10:00,Friday,2:00,JS6-12D,Iql5wzgj
13/11/2015 12:00,13/11/2015 10:00,Friday,2:00,JS6-12E,YmLF4mid
13/11/2015 12:00,13/11/2015 10:30,Friday,1:30,JS3-07,mscraJMD
13/11/2015 12:00,13/11/2015 10:30,Friday,1:30,JS3-08,o4nvI9J1
13/11/2015 12:00,13/11/2015 10:30,Friday,1:30,JS4-03B,kzb7hLxQ
13/11/2015 12:30,13/11/2015 10:30,Friday,2:00,JS4-03C,u9FS0GSg
13/11/2015 12:30,13/11/2015 10:30,Friday,2:00,JS4-07,cjxP2afa
13/11/2015 12:30,13/11/2015 10:30,Friday,2:00,JS5-03B,HihJjK3F
13/11/2015 12:00,13/11/2015 10:30,Friday,1:30,JS6-12B,3j6MDYk3
13/11/2015 13:00,13/11/2015 11:00,Friday,2:00,JS2-02,0GxepZ3L
13/11/2015 13:00,13/11/2015 11:00,Friday,2:00,JS4-02,28Cx5SQQ
13/11/2015 12:00,13/11/2015 11:00,Friday,1:00,JS5-07,MsLdSIGr
13/11/2015 13:00,13/11/2015 11:00,Friday,2:00,JS6-02,+I4d34XR
13/11/2015 13:00,13/11/2015 11:00,Friday,2:00,JS6-07,0UQne+6Q
13/11/2015 13:00,13/11/2015 11:00,Friday,2:00,JS6-10,IoLD9caA
13/11/2015 13:00,13/11/2015 11:00,Friday,2:00,JS6-11,ovp8x2ul
13/11/2015 13:30,13/11/2015 11:30,Friday,2:00,JS5-03A,xokv2Lb9
13/11/2015 13:30,13/11/2015 11:30,Friday,2:00,JS5-06,jVDksw07
13/11/2015 13:00,13/11/2015 11:30,Friday,1:30,JS6-03,2LVUqNZh
13/11/2015 13:30,13/11/2015 11:30,Friday,2:00,JS6-04A,pkiesSuz
13/11/2015 13:30,13/11/2015 11:30,Friday,2:00,JS6-04B,8f/aKBA+
13/11/2015 13:30,13/11/2015 11:30,Friday,2:00,JS6-12F,qiSbhqoc
13/11/2015 13:30,13/11/2015 12:00,Friday,1:30,JS3-04A,aIGfMwW7
13/11/2015 14:00,13/11/2015 12:00,Friday,2:00,JS3-08,/9EAAOW0
13/11/2015 13:00,13/11/2015 12:00,Friday,1:00,JS3-09,Xepxbsh+
13/11/2015 14:00,13/11/2015 12:00,Friday,2:00,JS4-03B,zhOAcoyp
13/11/2015 14:00,13/11/2015 12:00,Friday,2:00,JS4-08,ppspecRc
13/11/2015 14:00,13/11/2015 12:00,Friday,2:00,JS5-07,Vh3S1j4K
13/11/2015 14:00,13/11/2015 12:00,Friday,2:00,JS6-09,LUa5sc6Z
13/11/2015 14:00,13/11/2015 12:00,Friday,2:00,JS6-12A,vPmbDkPe
13/11/2015 14:00,13/11/2015 12:00,Friday,2:00,JS6-12B,4glgnNpT
13/11/2015 14:00,13/11/2015 12:00,Friday,2:00,JS6-12D,qIvmeAJk
13/11/2015 14:00,13/11/2015 12:00,Friday,2:00,JS6-12E,q4ZPQQaz
13/11/2015 14:30,13/11/2015 12:30,Friday,2:00,JS4-07,XSBsAFPb
13/11/2015 14:30,13/11/2015 12:30,Friday,2:00,JS5-03B,O/0lZIyu
13/11/2015 15:00,13/11/2015 13:00,Friday,2:00,JS2-02,qOt14NBH
13/11/2015 15:00,13/11/2015 13:00,Friday,2:00,JS3-07,EIJSuUHA
13/11/2015 15:00,13/11/2015 13:00,Friday,2:00,JS3-09,38hO/Wcy
13/11/2015 15:00,13/11/2015 13:00,Friday,2:00,JS4-02,V61c1iIe
13/11/2015 15:00,13/11/2015 13:00,Friday,2:00,JS4-03C,/zcvtpPr
13/11/2015 14:00,13/11/2015 13:00,Friday,1:00,JS6-02,yKf1fix1
13/11/2015 15:00,13/11/2015 13:00,Friday,2:00,JS6-03,zFwbub65
13/11/2015 15:00,13/11/2015 13:00,Friday,2:00,JS6-07,tEdSpT/4
13/11/2015 15:00,13/11/2015 13:00,Friday,2:00,JS6-10,WthWh0lR
13/11/2015 15:00,13/11/2015 13:00,Friday,2:00,JS6-11,ZVdusCZT
13/11/2015 15:30,13/11/2015 13:30,Friday,2:00,JS5-03A,y2snNb3+
13/11/2015 15:30,13/11/2015 13:30,Friday,2:00,JS5-06,O6ipTX4X
13/11/2015 15:30,13/11/2015 13:30,Friday,2:00,JS6-04A,FgrN21yE
13/11/2015 14:30,13/11/2015 13:30,Friday,1:00,JS6-04B,Sa1tG3xP
13/11/2015 15:30,13/11/2015 13:30,Friday,2:00,JS6-12F,xLQ2I4sB
13/11/2015 14:30,13/11/2015 14:00,Friday,0:30,JS3-04A,z1YquSqx
13/11/2015 16:00,13/11/2015 14:00,Friday,2:00,JS3-08,S1ynKknK
13/11/2015 16:00,13/11/2015 14:00,Friday,2:00,JS4-03B,Ivzc8m4v
13/11/2015 16:00,13/11/2015 14:00,Friday,2:00,JS4-08,0CJeRSF8
13/11/2015 16:00,13/11/2015 14:00,Friday,2:00,JS5-07,0ZnueF/F
13/11/2015 16:00,13/11/2015 14:00,Friday,2:00,JS5-08,2bi0tpvO
13/11/2015 16:00,13/11/2015 14:00,Friday,2:00,JS6-09,LaDhm8yA
13/11/2015 16:00,13/11/2015 14:00,Friday,2:00,JS6-12A,zfQdh0fe
13/11/2015 16:00,13/11/2015 14:00,Friday,2:00,JS6-12B,pP/ITK4b
13/11/2015 16:00,13/11/2015 14:00,Friday,2:00,JS6-12D,oNuSNxke
13/11/2015 16:00,13/11/2015 14:00,Friday,2:00,JS6-12E,SiQPNXnM
13/11/2015 16:30,13/11/2015 14:30,Friday,2:00,JS4-07,c8Z61bU+
13/11/2015 15:30,13/11/2015 14:30,Friday,1:00,JS5-03B,O/ksY8JR
13/11/2015 16:00,13/11/2015 14:30,Friday,1:30,JS6-02,Rpt2Ey8U
13/11/2015 16:30,13/11/2015 14:30,Friday,2:00,JS6-04B,XbIW4h80
13/11/2015 17:00,13/11/2015 15:00,Friday,2:00,JS2-02,HzbBwUOp
13/11/2015 17:00,13/11/2015 15:00,Friday,2:00,JS3-07,EIJSuUHA
13/11/2015 17:00,13/11/2015 15:00,Friday,2:00,JS4-02,4MX1SFqe
13/11/2015 17:00,13/11/2015 15:00,Friday,2:00,JS6-03,8s92LBsr
13/11/2015 17:00,13/11/2015 15:00,Friday,2:00,JS6-07,ZjazTqOv
13/11/2015 17:00,13/11/2015 15:00,Friday,2:00,JS6-10,gOtk1MAO
13/11/2015 17:00,13/11/2015 15:00,Friday,2:00,JS6-11,qSLeewJu
13/11/2015 17:30,13/11/2015 15:30,Friday,2:00,JS3-09,1YJEUlAj
13/11/2015 17:30,13/11/2015 15:30,Friday,2:00,JS4-03C,CmbMIBlc
13/11/2015 17:30,13/11/2015 15:30,Friday,2:00,JS5-03A,U+QBHoxe
13/11/2015 17:30,13/11/2015 15:30,Friday,2:00,JS5-03B,5Be7q1zH
13/11/2015 17:30,13/11/2015 15:30,Friday,2:00,JS5-06,V3P6iK+N
13/11/2015 17:30,13/11/2015 15:30,Friday,2:00,JS6-04A,cD5LUGJm
13/11/2015 17:30,13/11/2015 15:30,Friday,2:00,JS6-12F,d0KMMZhh
13/11/2015 18:00,13/11/2015 16:00,Friday,2:00,JS3-08,ahtcZgj0
13/11/2015 17:00,13/11/2015 16:00,Friday,1:00,JS4-03B,+kP2lcRY
13/11/2015 18:00,13/11/2015 16:00,Friday,2:00,JS4-08,2w5JJk7E
13/11/2015 18:00,13/11/2015 16:00,Friday,2:00,JS5-07,po7pQF3L
13/11/2015 18:00,13/11/2015 16:00,Friday,2:00,JS5-08,DUqMYo78
13/11/2015 18:00,13/11/2015 16:00,Friday,2:00,JS6-02,qCQmYCN6
13/11/2015 18:00,13/11/2015 16:00,Friday,2:00,JS6-09,yS7GEvVr
13/11/2015 18:00,13/11/2015 16:00,Friday,2:00,JS6-12A,c3dQS1VO
13/11/2015 18:00,13/11/2015 16:00,Friday,2:00,JS6-12B,oGUKKlfG
13/11/2015 18:00,13/11/2015 16:00,Friday,2:00,JS6-12D,zQZBH4Bd
13/11/2015 17:00,13/11/2015 16:00,Friday,1:00,JS6-12E,KtWRGYl0
13/11/2015 18:30,13/11/2015 16:30,Friday,2:00,JS4-07,iW34Zcnj
13/11/2015 19:00,13/11/2015 17:00,Friday,2:00,JS3-07,3JdrD5fH
13/11/2015 19:00,13/11/2015 17:00,Friday,2:00,JS4-02,LUPV9Ywl
13/11/2015 19:00,13/11/2015 17:00,Friday,2:00,JS4-03B,WoULUwLC
13/11/2015 19:00,13/11/2015 17:00,Friday,2:00,JS6-03,o94NbKj+
13/11/2015 19:00,13/11/2015 17:00,Friday,2:00,JS6-07,ARu093s+
13/11/2015 19:00,13/11/2015 17:00,Friday,2:00,JS6-10,sFzHTQ3r
13/11/2015 18:30,13/11/2015 17:00,Friday,1:30,JS6-11,+qtjaUNo
13/11/2015 17:30,13/11/2015 17:00,Friday,0:30,JS6-12E,tOgAtpmd
13/11/2015 18:30,13/11/2015 17:30,Friday,1:00,JS5-03A,pfyTYdFV
13/11/2015 19:30,13/11/2015 17:30,Friday,2:00,JS5-06,aflzs3Mf
13/11/2015 19:30,13/11/2015 17:30,Friday,2:00,JS6-04A,Q/m6zoDV
13/11/2015 19:30,13/11/2015 17:30,Friday,2:00,JS6-04B,rAHU9NzR
13/11/2015 19:30,13/11/2015 17:30,Friday,2:00,JS6-12E,WYkwfMgR
13/11/2015 19:30,13/11/2015 17:30,Friday,2:00,JS6-12F,pyy7IswT
13/11/2015 20:00,13/11/2015 18:00,Friday,2:00,JS3-08,58JrpcU9
13/11/2015 20:00,13/11/2015 18:00,Friday,2:00,JS3-09,Vpsz9MHk
13/11/2015 20:00,13/11/2015 18:00,Friday,2:00,JS4-03C,daUMTFnp
13/11/2015 20:00,13/11/2015 18:00,Friday,2:00,JS4-08,L3uybtC0
13/11/2015 20:00,13/11/2015 18:00,Friday,2:00,JS5-03B,htw+efRI
13/11/2015 20:00,13/11/2015 18:00,Friday,2:00,JS5-07,69MRNft4
13/11/2015 20:00,13/11/2015 18:00,Friday,2:00,JS5-08,aBHwtv8T
13/11/2015 20:00,13/11/2015 18:00,Friday,2:00,JS6-02,IKa12goP
13/11/2015 20:00,13/11/2015 18:00,Friday,2:00,JS6-09,m+gIoef4
13/11/2015 18:30,13/11/2015 18:00,Friday,0:30,JS6-12A,yqke/WC5
13/11/2015 19:30,13/11/2015 18:00,Friday,1:30,JS6-12B,CKGe2uVg
13/11/2015 20:00,13/11/2015 18:00,Friday,2:00,JS6-12D,HaQHwpjt
13/11/2015 19:30,13/11/2015 18:30,Friday,1:00,JS5-03A,8XNrePZs
13/11/2015 20:30,13/11/2015 18:30,Friday,2:00,JS6-11,FAhD/dI2
13/11/2015 20:30,13/11/2015 18:30,Friday,2:00,JS6-12A,iOQHNg/e
13/11/2015 19:30,13/11/2015 19:00,Friday,0:30,JS2-02,mjRaROIi
13/11/2015 21:00,13/11/2015 19:00,Friday,2:00,JS4-02,xpfPuUFA
13/11/2015 21:00,13/11/2015 19:00,Friday,2:00,JS4-03B,00GUG9Hz
13/11/2015 21:00,13/11/2015 19:00,Friday,2:00,JS4-07,N8J+sLKm
13/11/2015 21:00,13/11/2015 19:00,Friday,2:00,JS6-07,kk6ivoGo
13/11/2015 21:00,13/11/2015 19:00,Friday,2:00,JS6-10,pukq39Sc
13/11/2015 21:30,13/11/2015 19:30,Friday,2:00,JS2-02,bm2OHDkv
13/11/2015 21:30,13/11/2015 19:30,Friday,2:00,JS5-03A,9uOk3yVN
13/11/2015 21:30,13/11/2015 19:30,Friday,2:00,JS5-06,WYKwhMGR
13/11/2015 21:30,13/11/2015 19:30,Friday,2:00,JS6-04A,SsH4G0Qa
13/11/2015 21:30,13/11/2015 19:30,Friday,2:00,JS6-04B,U6kXT02b
13/11/2015 21:30,13/11/2015 19:30,Friday,2:00,JS6-12B,ILHLe/Wm
13/11/2015 21:30,13/11/2015 19:30,Friday,2:00,JS6-12E,jsdMnw24
13/11/2015 21:30,13/11/2015 19:30,Friday,2:00,JS6-12F,K79Whypo
13/11/2015 22:00,13/11/2015 20:00,Friday,2:00,JS3-07,3JdrD5fH
13/11/2015 22:00,13/11/2015 20:00,Friday,2:00,JS3-08,3MMbOfNR
13/11/2015 22:00,13/11/2015 20:00,Friday,2:00,JS4-08,gterrus/
13/11/2015 22:00,13/11/2015 20:00,Friday,2:00,JS5-03B,7ldh4M1e
13/11/2015 22:00,13/11/2015 20:00,Friday,2:00,JS5-07,zvMTJbpq
13/11/2015 22:00,13/11/2015 20:00,Friday,2:00,JS5-08,rqELosfz
13/11/2015 22:00,13/11/2015 20:00,Friday,2:00,JS6-02,/IEoK29s
13/11/2015 22:00,13/11/2015 20:00,Friday,2:00,JS6-09,5uaFwaK+
13/11/2015 22:00,13/11/2015 20:00,Friday,2:00,JS6-12D,bk9yEUkj
13/11/2015 22:30,13/11/2015 20:30,Friday,2:00,JS3-09,dnngnEc3
13/11/2015 22:30,13/11/2015 20:30,Friday,2:00,JS4-03C,cbKbsny9
13/11/2015 22:30,13/11/2015 20:30,Friday,2:00,JS6-12A,cjjhar+v
13/11/2015 23:00,13/11/2015 21:00,Friday,2:00,JS4-02,wFEl+kcx
13/11/2015 23:00,13/11/2015 21:00,Friday,2:00,JS4-03B,Ku6xkryy
13/11/2015 23:00,13/11/2015 21:00,Friday,2:00,JS6-07,5+XgnKFH
13/11/2015 23:00,13/11/2015 21:00,Friday,2:00,JS6-10,yG0b6ACx
13/11/2015 23:00,13/11/2015 21:00,Friday,2:00,JS6-11,dDgi+yBS
13/11/2015 23:30,13/11/2015 21:30,Friday,2:00,JS2-02,QJPjqpSz
13/11/2015 23:30,13/11/2015 21:30,Friday,2:00,JS4-07,tyR/sz8R
13/11/2015 23:30,13/11/2015 21:30,Friday,2:00,JS5-06,X4K4FfJe
13/11/2015 23:30,13/11/2015 21:30,Friday,2:00,JS6-04B,0tizT8Dh
13/11/2015 23:30,13/11/2015 22:00,Friday,1:30,JS3-08,7C7tN06p
14/11/2015 0:30,13/11/2015 22:30,Friday,2:00,JS3-09,ncbF7+/N
13/11/2015 23:30,13/11/2015 22:30,Friday,1:00,JS6-12A,mrYgREjZ
14/11/2015 0:30,13/11/2015 23:30,Friday,1:00,JS2-02,g+jUbOnn
14/11/2015 1:30,13/11/2015 23:30,Friday,2:00,JS3-08,vuTzduRx
14/11/2015 12:00,14/11/2015 10:00,Saturday,2:00,JS3-08,o4nvI9J1
14/11/2015 12:00,14/11/2015 10:00,Saturday,2:00,JS3-09,0tizT8Dh
14/11/2015 12:00,14/11/2015 10:00,Saturday,2:00,JS4-02,38hO/Wcy
14/11/2015 11:30,14/11/2015 10:00,Saturday,1:30,JS4-03B,d+JD0Au7
14/11/2015 12:00,14/11/2015 10:00,Saturday,2:00,JS4-03C,ysSUtU9X
14/11/2015 12:00,14/11/2015 10:00,Saturday,2:00,JS4-08,HyzLcHpR
14/11/2015 11:30,14/11/2015 10:00,Saturday,1:30,JS5-03B,JsuMlLkU
14/11/2015 12:00,14/11/2015 10:00,Saturday,2:00,JS5-06,8wJQLBxB
14/11/2015 12:00,14/11/2015 10:00,Saturday,2:00,JS6-04A,PuLRixQw
14/11/2015 12:00,14/11/2015 10:00,Saturday,2:00,JS6-04B,4WIVFWDa
14/11/2015 12:00,14/11/2015 10:00,Saturday,2:00,JS6-12A,4fh2K0yB
14/11/2015 12:00,14/11/2015 10:00,Saturday,2:00,JS6-12D,WYkwfMgR
14/11/2015 12:00,14/11/2015 10:00,Saturday,2:00,JS6-12E,YYEOXhSI
14/11/2015 12:00,14/11/2015 10:00,Saturday,2:00,JS6-12F,bk9yEUkj
14/11/2015 12:30,14/11/2015 10:30,Saturday,2:00,JS2-02,xmzkN55d
14/11/2015 12:30,14/11/2015 10:30,Saturday,2:00,JS4-07,Cl1wEH92
14/11/2015 12:30,14/11/2015 10:30,Saturday,2:00,JS5-03A,8f/aKBA+
14/11/2015 12:30,14/11/2015 10:30,Saturday,2:00,JS6-09,MecE0ka6
14/11/2015 12:30,14/11/2015 10:30,Saturday,2:00,JS6-10,IoLD9caA
14/11/2015 12:30,14/11/2015 10:30,Saturday,2:00,JS6-12B,phM7UwFS
14/11/2015 13:00,14/11/2015 11:00,Saturday,2:00,JS5-07,VzfafRhB
14/11/2015 13:00,14/11/2015 11:00,Saturday,2:00,JS5-08,gurO1Q4O
14/11/2015 13:00,14/11/2015 11:00,Saturday,2:00,JS6-02,+I4d34XR
14/11/2015 13:00,14/11/2015 11:00,Saturday,2:00,JS6-07,2EqGk+Pt
14/11/2015 13:00,14/11/2015 11:00,Saturday,2:00,JS6-11,ZVdusCZT
14/11/2015 13:30,14/11/2015 11:30,Saturday,2:00,JS4-03B,/H8vg5nm
14/11/2015 13:30,14/11/2015 11:30,Saturday,2:00,JS5-03B,V3P6iK+N
14/11/2015 14:00,14/11/2015 12:00,Saturday,2:00,JS3-08,S1ynKknK
14/11/2015 14:00,14/11/2015 12:00,Saturday,2:00,JS3-09,rAHU9NzR
14/11/2015 14:00,14/11/2015 12:00,Saturday,2:00,JS4-02,28Cx5SQQ
14/11/2015 13:30,14/11/2015 12:00,Saturday,1:30,JS5-06,zRE7iPEj
14/11/2015 13:00,14/11/2015 12:00,Saturday,1:00,JS6-04A,c+Wha1vI
14/11/2015 14:00,14/11/2015 12:00,Saturday,2:00,JS6-04B,U6kXT02b
14/11/2015 13:30,14/11/2015 12:00,Saturday,1:30,JS6-12A,DdKThNkH
14/11/2015 13:00,14/11/2015 12:00,Saturday,1:00,JS6-12D,FQvtgfCZ
14/11/2015 14:00,14/11/2015 12:00,Saturday,2:00,JS6-12F,HaQHwpjt
14/11/2015 14:00,14/11/2015 12:30,Saturday,1:30,JS2-02,OPA3QXId
14/11/2015 14:30,14/11/2015 12:30,Saturday,2:00,JS4-07,ppspecRc
14/11/2015 14:00,14/11/2015 12:30,Saturday,1:30,JS6-09,9dhaL/lA
14/11/2015 14:30,14/11/2015 12:30,Saturday,2:00,JS6-10,WthWh0lR
14/11/2015 13:30,14/11/2015 12:30,Saturday,1:00,JS6-12B,P4NPle2t
14/11/2015 14:30,14/11/2015 12:30,Saturday,2:00,JS6-12E,zBwVFFTW
14/11/2015 15:00,14/11/2015 13:00,Saturday,2:00,JS4-03C,daUMTFnp
14/11/2015 15:00,14/11/2015 13:00,Saturday,2:00,JS4-08,8D48AIMR
14/11/2015 15:00,14/11/2015 13:00,Saturday,2:00,JS5-03A,HJzspCB/
14/11/2015 15:00,14/11/2015 13:00,Saturday,2:00,JS5-07,X4K4FfJe
14/11/2015 15:00,14/11/2015 13:00,Saturday,2:00,JS5-08,qOt14NBH
14/11/2015 15:00,14/11/2015 13:00,Saturday,2:00,JS6-02,gOtk1MAO
14/11/2015 15:00,14/11/2015 13:00,Saturday,2:00,JS6-03,8s92LBsr
14/11/2015 15:00,14/11/2015 13:00,Saturday,2:00,JS6-04A,aBHwtv8T
14/11/2015 15:00,14/11/2015 13:00,Saturday,2:00,JS6-07,Gb02Afxt
14/11/2015 15:00,14/11/2015 13:00,Saturday,2:00,JS6-11,qSLeewJu
14/11/2015 14:30,14/11/2015 13:00,Saturday,1:30,JS6-12D,gA+FKM8e
14/11/2015 15:30,14/11/2015 13:30,Saturday,2:00,JS5-03B,aflzs3Mf
14/11/2015 15:30,14/11/2015 13:30,Saturday,2:00,JS5-06,jVDksw07
14/11/2015 15:30,14/11/2015 13:30,Saturday,2:00,JS6-12A,pP/ITK4b
14/11/2015 15:30,14/11/2015 13:30,Saturday,2:00,JS6-12B,iW34Zcnj
14/11/2015 16:00,14/11/2015 14:00,Saturday,2:00,JS3-08,58JrpcU9
14/11/2015 16:00,14/11/2015 14:00,Saturday,2:00,JS3-09,00GUG9Hz
14/11/2015 16:00,14/11/2015 14:00,Saturday,2:00,JS4-02,LUPV9Ywl
14/11/2015 16:00,14/11/2015 14:00,Saturday,2:00,JS4-03B,Iv8ylLg/
14/11/2015 16:00,14/11/2015 14:00,Saturday,2:00,JS6-04B,ncbF7+/N
14/11/2015 16:00,14/11/2015 14:00,Saturday,2:00,JS6-09,ZjazTqOv
14/11/2015 16:00,14/11/2015 14:00,Saturday,2:00,JS6-12F,Xj62oPyo
14/11/2015 16:30,14/11/2015 14:30,Saturday,2:00,JS4-07,eDK9RdC7
14/11/2015 16:30,14/11/2015 14:30,Saturday,2:00,JS6-12D,gdBLzV0S
14/11/2015 16:00,14/11/2015 14:30,Saturday,1:30,JS6-12E,zhOAcoyp
14/11/2015 17:00,14/11/2015 15:00,Saturday,2:00,JS4-08,fdQ+Hsnz
14/11/2015 17:00,14/11/2015 15:00,Saturday,2:00,JS5-07,0GxepZ3L
14/11/2015 17:00,14/11/2015 15:00,Saturday,2:00,JS5-08,HzbBwUOp
14/11/2015 17:00,14/11/2015 15:00,Saturday,2:00,JS6-02,tEdSpT/4
14/11/2015 17:00,14/11/2015 15:00,Saturday,2:00,JS6-04A,rqELosfz
14/11/2015 17:00,14/11/2015 15:00,Saturday,2:00,JS6-07,lWMMlot9
14/11/2015 17:00,14/11/2015 15:00,Saturday,2:00,JS6-10,bXMBkluB
14/11/2015 17:00,14/11/2015 15:00,Saturday,2:00,JS6-11,tOgAtpmd
14/11/2015 17:30,14/11/2015 15:30,Saturday,2:00,JS4-03C,/zcvtpPr
14/11/2015 17:30,14/11/2015 15:30,Saturday,2:00,JS5-03A,Mi7UvPfW
14/11/2015 17:30,14/11/2015 15:30,Saturday,2:00,JS5-03B,WYKwhMGR
14/11/2015 17:30,14/11/2015 15:30,Saturday,2:00,JS5-06,zvMTJbpq
14/11/2015 17:30,14/11/2015 15:30,Saturday,2:00,JS6-12A,CKGe2uVg
14/11/2015 17:30,14/11/2015 15:30,Saturday,2:00,JS6-12B,kk6ivoGo
14/11/2015 18:00,14/11/2015 16:00,Saturday,2:00,JS2-02,mjRaROIi
14/11/2015 18:00,14/11/2015 16:00,Saturday,2:00,JS3-08,/9EAAOW0
14/11/2015 18:00,14/11/2015 16:00,Saturday,2:00,JS3-09,YHdktTwG
14/11/2015 18:00,14/11/2015 16:00,Saturday,2:00,JS4-02,4MX1SFqe
14/11/2015 18:00,14/11/2015 16:00,Saturday,2:00,JS4-03B,Vh3S1j4K
14/11/2015 18:00,14/11/2015 16:00,Saturday,2:00,JS6-04B,XbIW4h80
14/11/2015 18:00,14/11/2015 16:00,Saturday,2:00,JS6-09,ARu093s+
14/11/2015 18:00,14/11/2015 16:00,Saturday,2:00,JS6-12E,wAxmOopD
14/11/2015 18:00,14/11/2015 16:00,Saturday,2:00,JS6-12F,+qtjaUNo
14/11/2015 17:30,14/11/2015 16:30,Saturday,1:00,JS4-07,iEx6QiT0
14/11/2015 18:00,14/11/2015 16:30,Saturday,1:30,JS6-12D,FrVTXk+V
14/11/2015 18:00,14/11/2015 17:00,Saturday,1:00,JS4-08,ET4yYaLF
14/11/2015 18:00,14/11/2015 17:00,Saturday,1:00,JS5-07,V61c1iIe
